calibration,conf band
4.055744708322011,0.0021667048913985463
4.061003612716142,0.002166666595182069
4.066265132629055,0.002166628280380778
4.071529267843249,0.0021665899469985386
4.076796018141218,0.002166551595035242
4.08206538330546,0.002166513224492981
4.087337363118474,0.002166474835375184
4.092611957362753,0.0021664364276857127
4.0978891658207965,0.0021663980014251178
4.103168988275101,0.0021663595565922975
4.108451424508163,0.0021663210931946483
4.113736474302479,0.0021662826112325033
4.119024137440547,0.002166244110709725
4.124314413704865,0.0021662055916253213
4.1296073028779245,0.0021661670539833756
4.134902804742229,0.002166128497786321
4.1402009190802715,0.0021660899230358105
4.145501645674549,0.0021660513297342755
4.150804984307559,0.0021660127178859106
4.156110934761799,0.0021659740874919314
4.161419496819765,0.002165935438551346
4.166730670263956,0.002165896771070778
4.172044454876866,0.0021658580850489047
4.1773608504409925,0.002165819380493563
4.182679856738833,0.002165780657401113
4.188001473552884,0.0021657419157742057
4.1933257006656435,0.002165703155618139
4.198652537859608,0.0021656643769379933
4.203981984917273,0.0021656255797276995
4.209314041621137,0.0021655867639938805
4.214648707753695,0.002165547929741505
4.2199859830974455,0.0021655090769694737
4.2253258674348855,0.0021654702056807646
4.230668360548512,0.0021654313158777005
4.236013462220819,0.0021653924075621576
4.241361172234306,0.002165353480736456
4.246711490371471,0.0021653145354034683
4.252064416414808,0.002165275571565626
4.257419950146815,0.0021652365892246934
4.262778091349991,0.0021651975883819996
4.268138839806829,0.0021651585690413006
4.273502195299828,0.002165119531205357
4.278868157611486,0.002165080474875933
4.284236726524297,0.00216504140005403
4.2896079018207605,0.002165002306743734
4.294981683283372,0.002164963194947803
4.300358070694628,0.0021649240646650276
4.305737063837027,0.002164884915900708
4.311118662493064,0.002164845748655175
4.316502866445238,0.002164806562931969
4.3218896754760445,0.002164767358734068
4.32727908936798,0.002164728136062911
4.3326711079035425,0.00216468889491872
4.338065730865228,0.0021646496353076813
4.343462958035534,0.0021646103572302376
4.348862789196957,0.0021645710606900347
4.354265224131995,0.0021645317456837634
4.359670262623141,0.002164492412222686
4.365077904452898,0.002164453060301064
4.370488149403758,0.002164413689926297
4.375900997258219,0.0021643743010973937
4.381316447798779,0.002164334893819655
4.386734500807935,0.002164295468091652
4.392155156068181,0.002164256023918794
4.397578413362019,0.0021642165613051678
4.403004272471941,0.0021641770802459178
4.408432733180445,0.002164137580749772
4.4138637952700295,0.002164098062815738
4.419297458523191,0.002164058526449336
4.424733722722425,0.0021640189716501308
4.4301725876502305,0.0021639793984187874
4.435614053089102,0.002163939806762814
4.4410581188215374,0.002163900196680006
4.446504784630035,0.0021638605681754456
4.45195405029709,0.0021638209212481428
4.457405915605198,0.0021637812559045016
4.46286038033686,0.0021637415721435346
4.468317444274569,0.002163701869969991
4.4737771072008226,0.0021636621493848654
4.47923936889812,0.002163622410389048
4.484704229148956,0.002163582652987619
4.490171687735826,0.0021635428771799186
4.495641744441231,0.0021635030829709194
4.501114399047665,0.0021634632703607356
4.506589651337625,0.002163423439355991
4.512067501093609,0.002163383589953051
4.517547948098113,0.002163343722159423
4.523030992133635,0.0021633038359730157
4.5285166329826705,0.0021632639313976954
4.534004870427716,0.002163224008435011
4.539495704251271,0.0021631840670887203
4.544989134235831,0.002163144107362801
4.55048516016389,0.0021631041292575876
4.555983781817949,0.0021630641327730865
4.561484998980504,0.0021630241179145995
4.56698881143405,0.0021629840846835637
4.572495218961086,0.0021629440330825254
4.5780042213441074,0.002162903963114249
4.583515818365611,0.0021628638747766384
4.589030009808095,0.002162823768080738
4.594546795454057,0.002162783643020702
4.600066175085989,0.0021627434996019435
4.605588148486395,0.0021627033378278904
4.611112715437766,0.0021626631577004204
4.616639875722601,0.0021626229592205384
4.622169629123398,0.0021625827423878007
4.627701975422652,0.002162542507211817
4.633236914402861,0.002162502253689393
4.638774445846523,0.0021624619818242856
4.644314569536132,0.0021624216916192596
4.649857285254186,0.00216238138307432
4.655402592783184,0.0021623410561949904
4.660950491905619,0.002162300710983703
4.666500982403991,0.002162260347439472
4.672054064060796,0.0021622199655660563
4.677609736658531,0.002162179565365224
4.683167999979692,0.002162139146843273
4.688728853806777,0.0021620987099966764
4.6942922979222805,0.002162058254830409
4.699858332108704,0.0021620177813486676
4.70542695614854,0.002161977289550245
4.710998169824287,0.0021619367794392308
4.716571972918443,0.002161896251018169
4.722148365213504,0.0021618557042886095
4.727727346491966,0.002161815139255307
4.733308916536325,0.002161774555915394
4.738893075129082,0.002161733954275058
4.744479822052729,0.0021616933343344175
4.750069157089766,0.0021616526961008723
4.755661080022689,0.0021616120395689083
4.761255590633995,0.0021615713647483567
4.766852688706181,0.0021615306716345865
4.772452374021744,0.0021614899602364333
4.778054646363178,0.002161449230548941
4.783659505512986,0.002161408482583918
4.789266951253659,0.0021613677163349753
4.794876983367697,0.002161326931808738
4.8004896016375955,0.0021612861290066475
4.806104805845853,0.002161245307929928
4.811722595774964,0.0021612044685827745
4.817342971207427,0.002161163610966522
4.82296593192574,0.002161122735085148
4.828591477712397,0.0021610818409374464
4.834219608349896,0.002161040928527617
4.839850323620736,0.0021609999978580955
4.845483623307409,0.0021609590489317576
4.8511195071924185,0.0021609180817499345
4.8567579750582555,0.0021608770963140685
4.862399026687419,0.0021608360926293536
4.8680426618624075,0.0021607950706960147
4.873688880365716,0.0021607540305154977
4.879337681979842,0.0021607129720931048
4.8849890664872815,0.0021606718954272994
4.890643033670531,0.0021606308005239355
4.896299583312091,0.0021605896873839073
4.901958715194455,0.0021605485560103077
4.9076204291001195,0.0021605074064031463
4.913284724811584,0.002160466238567398
4.918951602111344,0.0021604250525024044
4.924621060781895,0.002160383848214357
4.930293100605737,0.0021603426257010543
4.935967721365364,0.00216030138496769
4.941644922843273,0.002160260126019239
4.9473247048219635,0.0021602188488525093
4.953007067083931,0.002160177553471369
4.958692009411671,0.0021601362398793586
4.964379531587682,0.0021600949080795764
4.970069633394461,0.0021600535580707063
4.975762314614502,0.002160012189861914
4.981457575030306,0.0021599708034470287
4.987155414424366,0.002159929398833674
4.992855832579184,0.002159887976023621
4.998558829277252,0.002159846535017763
5.004264404301068,0.002159805075819197
5.009972557433131,0.0021597635984291464
5.015683288455936,0.002159722102853025
5.021396597151979,0.002159680589089738
5.0271124833037595,0.0021596390571429376
5.032830946693773,0.002159597507014505
5.0385519871045155,0.002159555938707982
5.044275604318485,0.0021595143522250317
5.0500017981181795,0.0021594727475682004
5.0557305682860925,0.0021594311247378293
5.061461914604724,0.0021593894837390027
5.06719583685657,0.0021593478245721678
5.072932334824126,0.002159306147242083
5.078671408289892,0.002159264451745553
5.084413057036362,0.002159222738093625
5.090157280846033,0.002159181006280787
5.095904079501403,0.0021591392563119066
5.101653452784969,0.002159097488190854
5.107405400479227,0.002159055701919071
5.113159922366674,0.0021590138974970107
5.1189170182298085,0.002158972074929536
5.1246766878511245,0.0021589302342172067
5.1304389310131215,0.002158888375362463
5.136203747498295,0.0021588464983668563
5.141971137089142,0.0021588046032402185
5.14774109956816,0.0021587626899732867
5.153513634717845,0.0021587207585760057
5.159288742320694,0.0021586788090484925
5.165066422159205,0.002158636841391199
5.170846674015874,0.0021585948556100943
5.176629497673197,0.0021585528517045244
5.182414892913673,0.0021585108296810077
5.188202859519798,0.002158468789535476
5.193993397274067,0.0021584267312773154
5.199786505958979,0.002158384654901569
5.205582185357031,0.002158342560414869
5.211380435250718,0.0021583004478207563
5.21718125542254,0.00215825831711615
5.22298464565499,0.002158216168309559
5.228790605730568,0.0021581740013991144
5.234599135431769,0.002158131816389353
5.240410234541092,0.0021580896132835934
5.246223902841031,0.0021580473920817357
5.252040140114086,0.002158005152784232
5.2578589461427505,0.0021579628953995885
5.263680320709523,0.0021579206199222978
5.269504263596902,0.00215787832636451
5.275330774587382,0.0021578360147179575
5.2811598534634605,0.002157793684991589
5.286991500007635,0.002157751337189057
5.292825714002401,0.0021577089713072815
5.298662495230258,0.002157666587348811
5.3045018434737,0.0021576241853209404
5.310343758515225,0.0021575817652219114
5.316188240137332,0.00215753932705902
5.322035288122514,0.002157496870827532
5.32788490225327,0.0021574543965341875
5.333737082312097,0.002157411904178888
5.339591828081491,0.002157369393768044
5.345449139343951,0.002157326865300674
5.351309015881971,0.002157284318777119
5.3571714574780485,0.0021572417542048933
5.363036463914683,0.0021571991715842267
5.368904034974368,0.0021571565709165683
5.3747741704396015,0.002157113952203362
5.380646870092882,0.002157071315449914
5.386522133716704,0.0021570286606550242
5.392399961093565,0.0021569859878263153
5.398280352005963,0.002156943296960488
5.404163306236394,0.0021569005880611967
5.4100488235673545,0.0021568578611338585
5.415936903781343,0.002156815116178595
5.421827546660856,0.002156772353196742
5.427720751988388,0.0021567295721925035
5.433616519546438,0.002156686773166994
5.4395148491175025,0.002156643956119565
5.445415740484078,0.0021566011210612584
5.451319193428662,0.0021565582679860225
5.457225207733752,0.002156515396901918
5.463133783181842,0.002156472507806422
5.469044919555432,0.002156429600703299
5.474958616637018,0.00215638667559686
5.480874874209095,0.002156343732489547
5.486793692054163,0.0021563007713803796
5.492715069954718,0.0021562577922744435
5.498639007693254,0.002156214795172192
5.5045655050522715,0.0021561717800798177
5.510494561814266,0.0021561287469938004
5.516426177761733,0.0021560856959219857
5.522360352677172,0.0021560426268643867
5.52829708634308,0.0021559995398237755
5.534236378541949,0.002155956434796742
5.5401782290562815,0.0021559133117969795
5.546122637668573,0.0021558701708174408
5.552069604161317,0.002155827011864316
5.558019128317015,0.002155783834941479
5.5639712099181615,0.002155740640044531
5.5699258487472525,0.002155697427183302
5.575883044586788,0.0021556541963594594
5.581842797219262,0.0021556109475680523
5.587805106427172,0.0021555676808181407
5.593769971993016,0.0021555243961134873
5.59973739369929,0.0021554810934520095
5.60570737132849,0.0021554377728362573
5.611679904663116,0.0021553944342690033
5.617654993485662,0.002155351077755334
5.623632637578624,0.0021553077032955923
5.629612836724501,0.002155264310891118
5.63559559070579,0.002155220900544572
5.641580899304987,0.002155177472260047
5.64756876230459,0.002155134026038772
5.653559179487095,0.0021550905618825237
5.6595521506349975,0.002155047079794737
5.665547675530797,0.002155003579775094
5.671545753956988,0.002154960061830558
5.677546385696069,0.0021549165259604815
5.683549570530538,0.002154872972168518
5.689555308242888,0.0021548294004551227
5.695563598615619,0.002154785810821853
5.701574441431227,0.0021547422032749015
5.707587836472209,0.002154698577815716
5.713603783521061,0.0021546549344432066
5.719622282360282,0.0021546112731627926
5.725643332772367,0.0021545675939781297
5.731666934539814,0.002154523896887355
5.737693087445118,0.002154480181896439
5.743721791270778,0.002154436449004407
5.749753045799291,0.00215439269821546
5.75578685081315,0.0021543489295310497
5.761823206094858,0.002154305142958469
5.767862111426908,0.0021542613384919976
5.773903566591796,0.002154217516140584
5.779947571372022,0.002154173675903029
5.785994125550081,0.0021541298177796793
5.79204322890847,0.0021540859417827937
5.7980948812296855,0.0021540420479019065
5.804149082296226,0.002153998136145856
5.8102058318905865,0.002153954206518299
5.816265129795265,0.002153910259018367
5.822326975792758,0.0021538662936499355
5.828391369665563,0.0021538223104145644
5.834458311196175,0.0021537783093149142
5.840527800167093,0.0021537342903570687
5.846599836360813,0.0021536902535356363
5.852674419559833,0.0021536461988565896
5.858751549546648,0.002153602126326451
5.864831226103755,0.0021535580359407134
5.870913449013653,0.0021535139277089875
5.876998218058837,0.002153469801625775
5.883085533021803,0.0021534256576996925
5.8891753936850515,0.0021533814959286625
5.8952677998310765,0.0021533373163189857
5.901362751242374,0.002153293118869575
5.907460247701444,0.0021532489035858493
5.913560288990781,0.002153204670466392
5.919662874892882,0.0021531604195168435
5.925768005190246,0.0021531161507368887
5.931875679665367,0.0021530718641333806
5.937985898100744,0.002153027559703909
5.944098660278873,0.002152983237453564
5.950213965982251,0.002152938897382802
5.956331814993375,0.0021528945394952786
5.962452207094742,0.0021528501637936566
5.968575142068849,0.002152805770279718
5.974700619698191,0.0021527613589559028
5.980828639765267,0.0021527169298225604
5.9869592020525735,0.0021526724828858823
5.993092306342607,0.0021526280181451136
5.999227952417865,0.0021525835356041283
6.005366140060843,0.002152539035264159
6.011506869054039,0.0021524945171294105
6.017650139179951,0.002152449981201115
6.023795950221073,0.00215240542748094
6.029944301959905,0.002152360855971332
6.03609519417894,0.0021523162666766044
6.042248626660679,0.00215227165959777
6.0484045991876165,0.0021522270347351766
6.05456311154225,0.002152182392094352
6.060724163507076,0.002152137731677632
6.066887754864592,0.0021520930534853614
6.073053885397295,0.0021520483575211994
6.0792225548876795,0.0021520036437868155
6.085393763118246,0.002151958912282668
6.091567509871489,0.0021519141630171566
6.097743794929906,0.002151869395984892
6.103922618075996,0.002151824611196701
6.1101039790922504,0.002151779808645543
6.116287877761171,0.0021517349883403655
6.122474313865254,0.0021516901502814092
6.128663287186995,0.0021516452944724397
6.134854797508892,0.002151600420914025
6.14104884461344,0.002151555529608279
6.147245428283137,0.0021515106205585257
6.15344454830048,0.002151465693767101
6.1596462044479665,0.0021514207492378816
6.165850396508093,0.0021513757869724274
6.172057124263356,0.002151330806971197
6.178266387496252,0.0021512858092354236
6.184478185989278,0.0021512407937725117
6.190692519524932,0.0021511957605807146
6.196909387885709,0.002151150709663689
6.203128790854108,0.002151105641026527
6.209350728212625,0.0021510605546658265
6.215575199743756,0.0021510154505891056
6.2218022052299995,0.0021509703287945054
6.22803174445385,0.002150925189288001
6.2342638171978075,0.002150880032068617
6.240498423244366,0.002150834857143097
6.246735562376025,0.0021507896645100288
6.252975234375279,0.0021507444541749407
6.259217439024626,0.0021506992261341035
6.2654621761065625,0.0021506539803986735
6.2717094454035855,0.0021506087169621624
6.277959246698193,0.002150563435836387
6.28421157977288,0.0021505181370132065
6.2904664444101455,0.002150472820503005
6.296723840392484,0.002150427486306793
6.302983767502393,0.0021503821344235965
6.309246225522371,0.002150336764856634
6.315511214234913,0.002150291377610662
6.3217787334225175,0.0021502459726882384
6.32804878286768,0.002150200550088389
6.334321362352897,0.002150155109817858
6.3405964716606675,0.0021501096518741283
6.346874110573488,0.00215006417626141
6.353154278873853,0.0021500186829843523
6.359436976344262,0.0021499731720425333
6.36572220276721,0.002149927643439392
6.3720099579251945,0.0021498820971791346
6.378300241600712,0.002149836533260679
6.384593053576261,0.002149790951685479
6.390888393634338,0.002149745352461161
6.397186261557438,0.0021496997355890677
6.4034866571280595,0.0021496541010673437
6.409789580128698,0.002149608448901852
6.416095030341852,0.0021495627790944875
6.4224030075500185,0.0021495170916465906
6.428713511535692,0.0021494713865585144
6.435026542081372,0.0021494256638397605
6.441342098969556,0.0021493799234838422
6.4476601819827355,0.002149334165499379
6.453980790903413,0.002149288389886612
6.460303925514085,0.0021492425966493102
6.466629585597244,0.0021491967857891468
6.472957770935389,0.002149150957305039
6.479288481311022,0.002149105111203402
6.485621716506632,0.0021490592474843655
6.491957476304719,0.0021490133661508162
6.498295760487784,0.002148967467207737
6.5046365688383165,0.002148921550655366
6.510979901138817,0.00214887561649538
6.5173257571717835,0.0021488296647313265
6.523674136719713,0.0021487836953662004
6.530025039565099,0.002148737708400355
6.536378465490441,0.002148691703837119
6.542734414278235,0.002148645681678716
6.549092885710978,0.002148599641928585
6.555453879571169,0.002148553584589503
6.561817395641302,0.002148507509658182
6.568183433703874,0.002148461417144456
6.574551993541384,0.0021484153070461414
6.580923074936328,0.002148369179369762
6.587296677671201,0.00214832303411181
6.593672801528502,0.0021482768712799156
6.600051446290728,0.0021482306908729956
6.606432611740373,0.0021481844928963644
6.612816297659938,0.0021481382773511433
6.619202503831918,0.0021480920442379053
6.625591230038808,0.002148045793559428
6.631982476063108,0.0021479995253228996
6.638376241687313,0.002147953239525141
6.64477252669392,0.0021479069361701455
6.651171330865427,0.0021478606152603567
6.657572653984331,0.0021478142767988842
6.663976495833126,0.002147767920789168
6.670382856194312,0.00214772154723178
6.676791734850386,0.0021476751561256362
6.683203131583841,0.002147628747479472
6.689617046177179,0.0021475823212936352
6.696033478412893,0.002147535877567049
6.702452428073482,0.0021474894163074497
6.708873894941441,0.002147442937513866
6.715297878799269,0.0021473964411899593
6.721724379429462,0.002147349927336191
6.728153396614517,0.002147303395957766
6.73458493013693,0.002147256847056909
6.741018979779199,0.0021472102806320984
6.74745554532382,0.0021471636966893105
6.75389462655329,0.0021471170952299997
6.760336223250107,0.0021470704762571635
6.766780335196766,0.002147023839771928
6.773226962175767,0.0021469771857781724
6.779676103969602,0.0021469305142765805
6.786127760360773,0.0021468838252693793
6.7925819311317746,0.002146837118761993
6.7990386160651015,0.002146790394753451
6.805497814943255,0.0021467436532486258
6.81195952754873,0.002146696894245447
6.81842375366402,0.002146650117754186
6.824890493071627,0.0021466033237697983
6.831359745554047,0.002146556512297814
6.837831510893774,0.0021465096833418957
6.844305788873306,0.002146462836901185
6.850782579275142,0.0021464159729795602
6.857261881881777,0.002146369091579581
6.863743696475708,0.0021463221927040255
6.870228022839433,0.0021462752763545694
6.876714860755446,0.002146228342534984
6.883204210006247,0.0021461813912441903
6.889696070374333,0.002146134422489816
6.896190441642197,0.0021460874362686875
6.90268732359234,0.002146040432589207
6.909186716007258,0.0021459934114458836
6.915688618669446,0.0021459463728472302
6.922193031361402,0.0021458993167948115
6.928699953865624,0.0021458522432903043
6.935209385964607,0.002145805152336158
6.94172132744085,0.0021457580439350403
6.948235778076848,0.0021457109180886276
6.954752737655098,0.00214566377479959
6.961272205958097,0.002145616614070485
6.967794182768344,0.0021455694359028806
6.974318667868332,0.0021455222402981203
6.980845661040561,0.002145475027261521
6.9873751620675275,0.002145427796795641
6.9939071707317275,0.002145380548901936
7.000441686815658,0.0021453332835796586
7.006978710101817,0.0021452860008348957
7.013518240372699,0.0021452387006706437
7.020060277410802,0.0021451913830856087
7.0266048209986245,0.002145144048082678
7.033151870918661,0.0021450966956704713
7.039701426953409,0.002145049325843503
7.046253488885368,0.002145001938608962
7.052808056497031,0.0021449545339659896
7.059365129570896,0.0021449071119196807
7.065924707889461,0.0021448596724719317
7.072486791235224,0.0021448122156237613
7.079051379390678,0.002144764741377837
7.085618472138322,0.0021447172497370483
7.092188069260654,0.0021446697407054988
7.098760170540169,0.002144622214282773
7.105334775759365,0.0021445746704710977
7.11191188470074,0.0021445271092776605
7.118491497146787,0.002144479530696759
7.125073612880007,0.0021444319347382235
7.131658231682895,0.002144384321401307
7.138245353337948,0.0021443366906896723
7.144834977627663,0.0021442890426013606
7.151427104334537,0.002144241377146425
7.158021733241065,0.002144193694321145
7.164618864129747,0.0021441459941284073
7.171218496783079,0.0021440982765747432
7.177820630983556,0.00214405054165786
7.184425266513677,0.002144002789381423
7.191032403155939,0.0021439550197471066
7.197642040692836,0.0021439072327637566
7.204254178906869,0.0021438594284242307
7.210868817580532,0.0021438116067373733
7.21748595649632,0.002143763767700896
7.224105595436736,0.00214371591132507
7.2307277341842715,0.002143668037603642
7.237352372521426,0.002143620146540823
7.243979510230695,0.0021435722381430316
7.250609147094576,0.0021435243124102938
7.257241282895566,0.002143476369345389
7.263875917416161,0.002143428408947351
7.270513050438861,0.0021433804312262347
7.277152681746159,0.0021433324361750127
7.283794811120552,0.0021432844238046195
7.290439438344541,0.002143236394109683
7.297086563200619,0.002143188347098824
7.3037361854712834,0.0021431402827733893
7.310388304939033,0.0021430922011335166
7.317042921386362,0.0021430441021824268
7.323700034595769,0.0021429959859234527
7.330359644349751,0.0021429478523559585
7.337021750430804,0.0021428997014874634
7.343686352621424,0.002142851533314578
7.3503534507041115,0.0021428033478459252
7.35702304446136,0.0021427551450795453
7.363695133675667,0.0021427069250180004
7.37036971812953,0.002142658687666606
7.377046797605447,0.0021426104330218624
7.383726371885911,0.002142562161093602
7.390408440753423,0.0021425138718809723
7.397093003990479,0.0021424655653855405
7.403780061379573,0.0021424172416088768
7.410469612703206,0.002142368900555856
7.417161657743873,0.002142320542228047
7.423856196284069,0.002142272166625918
7.4305532281062945,0.0021422237737554447
7.437252752993044,0.0021421753636168763
7.443954770726814,0.0021421269362135453
7.450659281090103,0.00214207849154746
7.457366283865407,0.0021420300296193097
7.464075778835223,0.0021419815504338593
7.470787765782048,0.0021419330539915768
7.47750224448838,0.002141884540297667
7.484219214736713,0.0021418360093486332
7.490938676309547,0.00214178746115574
7.497660628989377,0.0021417388957142773
7.504385072558699,0.0021416903130307727
7.511112006800013,0.0021416417131052534
7.517841431495813,0.0021415930959405023
7.524573346428597,0.0021415444615395214
7.531307751380862,0.0021414958099045425
7.538044646135106,0.002141447141036142
7.5447840304738225,0.002141398454940409
7.551525904179512,0.0021413497516178126
7.558270267034669,0.002141301031069809
7.565017118821792,0.0021412522933002883
7.571766459323376,0.002141203538311918
7.57851828832192,0.0021411547661049474
7.585272605599919,0.002141105976682048
7.5920294109398725,0.0021410571700486484
7.598788704124274,0.002141008346203123
7.605550484935622,0.0021409595051526593
7.612314753156414,0.0021409106468945334
7.6190815085691455,0.002140861771436375
7.625850750956314,0.0021408128787749063
7.632622480100418,0.002140763968917758
7.639396695783953,0.0021407150418625343
7.646173397789413,0.0021406660976157634
7.652952585899299,0.0021406171361763723
7.659734259896108,0.0021405681575510016
7.666518419562333,0.0021405191617382443
7.673305064680475,0.002140470148743418
7.680094195033029,0.0021404211185646793
7.686885810402491,0.0021403720712078957
7.693679910571359,0.00214032300667706
7.700476495322132,0.0021402739249703306
7.707275564437302,0.0021402248260950062
7.714077117699369,0.002140175710046488
7.720881154890831,0.002140126576834832
7.727687675794181,0.002140077426456648
7.73449668019192,0.0021400282589170367
7.741308167866543,0.002139979074216355
7.748122138600546,0.0021399298723620143
7.754938592176426,0.0021398806533495258
7.761757528376683,0.00213983141718652
7.76857894698381,0.0021397821638730274
7.775402847780305,0.002139732893415576
7.782229230548666,0.002139683605808355
7.78905809507139,0.0021396343010613114
7.795889441130972,0.0021395849791734796
7.80272326850991,0.002139535640148747
7.809559576990701,0.0021394862839862606
7.816398366355841,0.0021394369106934323
7.823239636387829,0.002139387520268306
7.83008338686916,0.00213933811271576
7.836929617582331,0.002139288688038797
7.843778328309838,0.0021392392462349138
7.8506295188341815,0.002139189787314386
7.857483188937854,0.002139140311273606
7.864339338403355,0.0021390908181167906
7.871197967013182,0.002139041307847495
7.878059074549829,0.002138991780466189
7.8849226607957945,0.0021389422359743343
7.891788725533576,0.00213889267437824
7.898657268545669,0.0021388430956783776
7.905528289614572,0.002138793499875656
7.91240178852278,0.002138743886973633
7.919277765052792,0.002138694256976634
7.926156218987103,0.002138644609884026
7.933037150108211,0.002138594945699918
7.939920558198611,0.002138545264425549
7.946806443040803,0.0021384955660661295
7.953694804417282,0.0021384458506219094
7.960585642110544,0.0021383961180944586
7.967478955903089,0.002138346368488766
7.9743747455774106,0.0021382966018037614
7.981273010916007,0.002138246818043771
7.988173751701375,0.0021381970172123493
7.9950769677160105,0.0021381471993112897
8.001982658742412,0.002138097364341504
8.008890824563077,0.0021380475123065476
8.0158014649605,0.002137997643210857
8.02271457971718,0.002137947757051048
8.029630168615611,0.002137897853835305
8.036548231438294,0.0021378479335633234
8.043468767967722,0.0021377979962380026
8.050391777986395,0.002137748041862015
8.057317261276808,0.002137698070438035
8.064245217621457,0.0021376480819699497
8.07117564680284,0.0021375980764582305
8.078108548603456,0.0021375480539030187
8.085043922805799,0.0021374980143094107
8.091981769192367,0.0021374479576823954
8.098922087545656,0.002137397884017599
8.105864877648164,0.0021373477933261755
8.112810139282388,0.0021372976855998965
8.119757872230823,0.002137247560852452
8.126708076275968,0.0021371974190790254
8.133660751200317,0.0021371472602836144
8.140615896786372,0.0021370970844691137
8.147573512816626,0.0021370468916370967
8.154533599073575,0.0021369966817921123
8.16149615533972,0.0021369464549350703
8.168461181397554,0.002136896211068097
8.175428677029576,0.0021368459501933178
8.182398642018281,0.002136795672315168
8.189371076146168,0.002136745377433129
8.196345979195733,0.002136695065553621
8.203323350949473,0.002136644736673041
8.210303191189883,0.0021365943908014454
8.217285499699463,0.0021365440279330268
8.22427027626071,0.00213649364807773
8.231257520656117,0.0021364432512348164
8.238247232668183,0.002136392837406632
8.245239412079407,0.0021363424065925446
8.252234058672283,0.00213629195879997
8.259231172229308,0.0021362414940304785
8.26623075253298,0.002136191012285537
8.273232799365797,0.002136140513565286
8.280237312510252,0.002136089997876147
8.287244291748845,0.002136039465218372
8.294253736864075,0.002135988915592323
8.301265647638434,0.0021359383490055237
8.30828002385442,0.002135887765458115
8.315296865294533,0.002135837164949358
8.322316171741265,0.0021357865474855653
8.32933794297712,0.002135735913068089
8.336362178784587,0.0021356852616997157
8.343388878946167,0.002135634593383012
8.350418043244357,0.0021355839081195504
8.357449671461652,0.0021355332059122293
8.36448376338055,0.0021354824867624027
8.37152031878355,0.002135431750673737
8.378559337453146,0.0021353809976481374
8.385600819171833,0.002135330227689051
8.392644763722114,0.00213527944079607
8.399691170886479,0.0021352286369761666
8.40674004044743,0.0021351778162289337
8.413791372187463,0.002135126978557927
8.420845165889073,0.0021350761239600975
8.427901421334758,0.0021350252524462688
8.434960138307016,0.002134974364017026
8.442021316588342,0.00213492345866888
8.449084955961231,0.002134872536411664
8.456151056208185,0.0021348215972421063
8.4632196171117,0.00213477064116685
8.470290638454268,0.0021347196681833942
8.47736412001839,0.002134668678301574
8.484440061586561,0.0021346176715150373
8.491518462941277,0.002134566647831854
8.498599323865042,0.0021345156072550327
8.505682644140345,0.002134464549783616
8.512768423549685,0.0021344134754240243
8.51985666187556,0.0021343623841750805
8.526947358900465,0.0021343112760385803
8.534040514406898,0.002134260151021714
8.541136128177358,0.002134209009122756
8.548234199994338,0.0021341578503453734
8.555334729640338,0.002134106674694554
8.562437716897852,0.0021340554821636156
8.56954316154938,0.0021340042727671293
8.576651063377417,0.0021339530464994025
8.583761422164457,0.002133901803366854
8.590874237693006,0.002133850543372053
8.59798950974555,0.002133799266514153
8.605107238104592,0.0021337479727982517
8.61222742255263,0.0021336966622257075
8.619350062872156,0.0021336453347983136
8.626475158845672,0.0021335939905197405
8.63360271025567,0.002133542629393988
8.640732716884651,0.0021334912514177824
8.647865178515108,0.0021334398566008536
8.655000094929543,0.0021333884449387178
8.662137465910446,0.0021333370164401105
8.669277291240318,0.0021332855711019834
8.676419570701658,0.0021332341089328488
8.68356430407696,0.002133182629930319
8.690711491148722,0.0021331311340950913
8.697861131699439,0.002133079621437108
8.70501322551161,0.0021330280919514516
8.71216777236773,0.002132976545645972
8.719324772050298,0.002132924982519606
8.726484224341808,0.0021328734025738176
8.73364612902476,0.0021328218058151395
8.74081048588165,0.002132770192242396
8.747977294694971,0.002132718561862229
8.755146555247228,0.002132666914669718
8.762318267320907,0.002132615250675028
8.769492430698516,0.0021325635698772032
8.776669045162548,0.002132511872280133
8.783848110495496,0.002132460157885175
8.791029626479862,0.002132408426691813
8.798213592898136,0.0021323566787071293
8.805400009532821,0.002132304913934023
8.812588876166416,0.0021322531323704364
8.819780192581412,0.0021322013340225724
8.826973958560309,0.002132149518889474
8.8341701738856,0.0021320976869764626
8.841368838339784,0.002132045838283574
8.848569951705363,0.0021319939728197627
8.855773513764827,0.002131942090577907
8.862979524300677,0.0021318901915644297
8.870187983095407,0.0021318382757867416
8.877398889931515,0.002131786343239266
8.884612244591498,0.002131734393926991
8.891828046857853,0.0021316824278563413
8.899046296513077,0.002131630445026138
8.906266993339667,0.0021315784454395037
8.91349013712012,0.002131526429098673
8.920715727636933,0.0021314743960080904
8.9279437646726,0.002131422346166577
8.93517424800962,0.0021313702795776944
8.942407177430493,0.002131318196245772
8.94964255271771,0.0021312660961722765
8.956880373653775,0.002131213979358568
8.964120640021175,0.0021311618458086444
8.971363351602417,0.002131109695523863
8.97860850817999,0.002131057528509325
8.985856109536396,0.0021310053447634175
8.993106155454132,0.00213095314429179
9.000358645715693,0.0021309009270950295
9.007613580103573,0.0021308486931746044
9.014870958400273,0.0021307964425357263
9.02213078038829,0.002130744175178431
9.029393045850115,0.0021306918911081513
9.036657754568257,0.002130639590323711
9.043924906325202,0.002130587272831423
9.05119450090345,0.002130534938629565
9.058466538085495,0.002130482587723895
9.06574101765384,0.002130430220115113
9.07301793939098,0.002130377835806889
9.080297303079409,0.0021303254348009107
9.087579108501627,0.0021302730170997468
9.094863355440127,0.0021302205827049767
9.10215004367741,0.0021301681316203804
9.109439172995971,0.002130115663847426
9.116730743178307,0.0021300631793904454
9.124024754006916,0.0021300106782479325
9.131321205264292,0.0021299581604289535
9.138620096732936,0.0021299056259277117
9.145921428195342,0.0021298530747530507
9.153225199434006,0.002129800506905007
9.160531410231426,0.002129747922385381
9.167840060370102,0.002129695321197732
9.175151149632528,0.002129642703346172
9.1824646778012,0.0021295900688274357
9.189780644658615,0.002129537417651467
9.197099049987271,0.002129484749814674
9.204419893569662,0.0021294320653236954
9.211743175188294,0.002129379364178573
9.219068894625654,0.002129326646379782
9.226397051664243,0.002129273911934627
9.233727646086557,0.002129221160843808
9.24106067767509,0.00212916839310824
9.248396146212345,0.002129115608733578
9.255734051480816,0.0021290628077162274
9.263074393262999,0.002129009990065031
9.270417171341393,0.0021289571557788186
9.277762385498491,0.0021289043048605977
9.285110035516793,0.002128851437315472
9.292460121178793,0.0021287985531422693
9.299812642266996,0.002128745652345209
9.307167598563888,0.0021286927349267524
9.314524989851973,0.002128639800889581
9.321884815913744,0.0021285868502340607
9.3292470765317,0.0021285338829641963
9.336611771488338,0.002128480899083985
9.343978900566155,0.002128427898592257
9.351348463547646,0.0021283748814965365
9.358720460215311,0.0021283218477948793
9.366094890351643,0.002128268797491289
9.37347175373914,0.002128215730585802
9.3808510501603,0.002128162647085943
9.388232779397622,0.0021281095469920797
9.3956169412336,0.002128056430303374
9.40300353545073,0.0021280032970260243
9.410392561831511,0.0021279501471618356
9.417784020158438,0.0021278969807129343
9.42517791021401,0.0021278437976800205
9.432574231780722,0.0021277905980695193
9.439972984641072,0.0021277373818801475
9.447374168577557,0.0021276841491173386
9.454777783372673,0.0021276308997800306
9.462183828808918,0.0021275776338720042
9.469592304668788,0.002127524351397483
9.47700321073478,0.0021274710523589277
9.484416546789392,0.0021274177367567046
9.49183231261512,0.0021273644045935
9.499250507994459,0.0021273110558708915
9.506671132709908,0.002127257690597613
9.514094186543963,0.0021272043087676514
9.521519669279122,0.0021271509103877604
9.528947580697883,0.0021270974954627135
9.53637792058274,0.002127044063989246
9.54381068871619,0.0021269906159738935
9.55124588488073,0.002126937151416695
9.55868350885886,0.0021268836703216515
9.566123560433073,0.002126830172691667
9.57356603938587,0.0021267766585278797
9.581010945499743,0.0021267231278331925
9.588458278557194,0.0021266695806114962
9.595908038340713,0.002126616016864152
9.603360224632803,0.0021265624365931833
9.610814837215958,0.002126508839799288
9.61827187587268,0.0021264552264892195
9.625731340385459,0.00212640159666225
9.633193230536794,0.0021263479503232595
9.640657546109182,0.00212629428747009
9.64812428688512,0.0021262406081102633
9.655593452647105,0.0021261869122441513
9.663065043177637,0.0021261331998734447
9.670539058259209,0.0021260794710029167
9.678015497674318,0.0021260257256328265
9.68549436120546,0.0021259719637662985
9.692975648635134,0.002125918185405683
9.700459359745837,0.002125864390555093
9.707945494320068,0.002125810579214569
9.715434052140319,0.002125756751389544
9.722925032989089,0.00212570290707896
9.730418436648876,0.0021256490462854966
9.737914262902173,0.002125595169015358
9.74541251153148,0.0021255412752677052
9.752913182319297,0.0021254873650454406
9.760416275048113,0.0021254334383511357
9.767921789500434,0.002125379495188796
9.775429725458752,0.002125325535559557
9.782940082705561,0.002125271559464238
9.790452861023361,0.0021252175669112376
9.79796806019465,0.0021251635578947658
9.805485680001924,0.002125109532423891
9.81300572022768,0.0021250554904972178
9.820528180654415,0.002125001432119196
9.828053061064622,0.0021249473572933822
9.835580361240803,0.002124893266018943
9.843110080965456,0.002124839158298445
9.85064222002107,0.002124785034138538
9.858176778190153,0.0021247308935382716
9.86571375525519,0.002124676736501317
9.873253150998684,0.0021246225630280457
9.880794965203133,0.0021245683731221324
9.888339197651035,0.002124514166791761
9.89588584812488,0.0021244599440281707
9.903434916407171,0.0021244057048440575
9.910986402280404,0.0021243514492346217
9.918540305527072,0.0021242971772052967
9.926096625929677,0.002124242888758545
9.933655363270713,0.0021241885838983706
9.941216517332679,0.002124134262626356
9.948780087898069,0.0021240799249425428
9.956346074749382,0.002124025570853354
9.963914477669112,0.002123971200358065
9.97148529643976,0.002123916813457925
9.97905853084382,0.00212386241016189
9.98663418066379,0.0021238079904678025
9.994212245682169,0.0021237535543757037
10.001792725681447,0.002123699101891138
10.009375620444128,0.002123644633018769
10.016960929752706,0.0021235901477579793
10.02454865338968,0.0021235356461090315
10.032138791137541,0.0021234811280805496
10.039731342778795,0.0021234265936704868
10.047326308095931,0.002123372042881525
10.054923686871447,0.0021233174757188797
10.062523478887844,0.0021232628921840245
10.070125683927614,0.0021232082922768877
10.07773030177326,0.002123153676003239
10.085337332207272,0.0021230990433641094
10.092946775012152,0.0021230443943587715
10.100558629970394,0.00212298972899596
10.108172896864495,0.0021229350472746177
10.115789575476953,0.0021228803491987478
10.123408665590265,0.002122825634768725
10.13103016698693,0.0021227709039859117
10.13865407944944,0.002122716156858054
10.146280402760294,0.002122661393385192
10.153909136701987,0.002122606613566381
10.16154028105702,0.0021225518174082655
10.16917383560789,0.0021224970049108886
10.17680980013709,0.0021224421760770436
10.184448174427118,0.002122387330913046
10.192088958260472,0.002122332469415416
10.199732151419648,0.0021222775915908034
10.20737775368714,0.0021222226974391347
10.215025764845453,0.0021221677869648612
10.222676184677077,0.002122112860168903
10.230329012964514,0.002122057917054274
10.237984249490253,0.002122002957624648
10.245641894036797,0.002121947981881942
10.253301946386642,0.0021218929898283966
10.260964406322286,0.002121837981463619
10.268629273626221,0.002121782956794469
10.276296548080952,0.002121727915820667
10.283966229468966,0.002121672858548081
10.291638317572767,0.0021216177849760994
10.299312812174849,0.0021215626951061953
10.306989713057712,0.0021215075889444617
10.314669020003846,0.002121452466490286
10.322350732795757,0.0021213973277486595
10.330034851215935,0.0021213421727198484
10.337721375046879,0.0021212870014065363
10.345410304071086,0.0021212318138127285
10.353101638071054,0.0021211766099396775
10.360795376829277,0.0021211213897906218
10.368491520128256,0.0021210661533676914
10.376190067750484,0.0021210109006739035
10.383891019478458,0.0021209556317095223
10.391594375094677,0.0021209003464807523
10.399300134381637,0.002120845044986868
10.407008297121838,0.002120789727230446
10.414718863097773,0.0021207343932179083
10.422431832091938,0.002120679042945891
10.43014720388683,0.002120623676421808
10.437864978264951,0.002120568293646147
10.445585155008793,0.0021205128946191693
10.453307733900855,0.002120457479348071
10.461032714723634,0.0021204020478324576
10.468760097259624,0.002120346600073584
10.476489881291325,0.0021202911360788655
10.484222066601234,0.002120235655842958
10.491956652971842,0.002120180159375253
10.499693640185656,0.0021201246466775567
10.507433028025167,0.0021200691177479377
10.51517481627287,0.002120013572592267
10.522919004711264,0.0021199580112125733
10.530665593122846,0.00211990243361132
10.538414581290112,0.0021198468397898725
10.546165968995563,0.002119791229752014
10.553919756021692,0.0021197356034985634
10.561675942150996,0.0021196799610342944
10.56943452716597,0.0021196243023618912
10.577195510849117,0.0021195686274831623
10.584958892982929,0.002119512936396942
10.592724673349904,0.002119457229110642
10.600492851732541,0.0021194015056248626
10.60826342791333,0.0021193457659420666
10.616036401674776,0.0021192900100651616
10.623811772799371,0.002119234237995622
10.631589541069616,0.002119178449736023
10.639369706268004,0.0021191226452902607
10.647152268177035,0.002119066824660031
10.654937226579202,0.002119010987847798
10.662724581257004,0.0021189551348540503
10.670514331992937,0.0021188992656875215
10.6783064785695,0.002118843380341218
10.686101020769188,0.0021187874788262976
10.693897958374498,0.002118731561141812
10.70169729116793,0.002118675627288251
10.709499018931977,0.0021186196772715964
10.717303141449134,0.0021185637110901403
10.725109658501905,0.002118507728752393
10.732918569872782,0.0021184517302559806
10.740729875344261,0.0021183957156040343
10.748543574698845,0.002118339684801545
10.756359667719021,0.0021182836378487815
10.764178154187293,0.002118227574749638
10.771999033886157,0.0021181714955044923
10.779822306598112,0.0021181154001160313
10.787647972105649,0.0021180592885903468
10.795476030191267,0.0021180031609258415
10.803306480637465,0.002117947017127178
10.811139323226739,0.0021178908571936324
10.818974557741585,0.0021178346811327317
10.8268121839645,0.0021177784889446316
10.834652201677983,0.002117722280631031
10.842494610664529,0.0021176660561958226
10.850339410706633,0.0021176098156391646
10.858186601586794,0.002117553558966163
10.866036183087509,0.0021174972861797256
10.873888154991278,0.0021174409972764896
10.88174251708059,0.0021173846922685983
10.88959926913795,0.0021173283711495025
10.897458410945848,0.0021172720339274944
10.905319942286788,0.002117215680600643
10.91318386294326,0.0021171593111768074
10.921050172697765,0.002117102925654488
10.9289188713328,0.0021170465240368174
10.936789958630857,0.0021169901063275804
10.94466343437444,0.002116933672525834
10.952539298346041,0.0021168772226403125
10.960417550328158,0.0021168207566666674
10.968298190103289,0.002116764274612203
10.97618121745393,0.0021167077764774056
10.98406663216258,0.0021166512622624338
10.991954434011731,0.0021165947319773436
10.999844622783884,0.0021165381856150327
11.007737198261532,0.0021164816231844575
11.015632160227177,0.0021164250446880843
11.023529508463314,0.0021163684501253025
11.03142924275244,0.0021163118394997883
11.039331362877046,0.0021162552128143374
11.047235868619639,0.002116198570069219
11.05514275976271,0.0021161419112719587
11.063052036088752,0.002116085236420405
11.070963697380272,0.002116028545521094
11.078877743419762,0.0021159718385729744
11.086794173989716,0.0021159151155774134
11.094712988872633,0.0021158583765434765
11.102634187851011,0.0021158016214639554
11.110557770707345,0.0021157448503501116
11.118483737224134,0.002115688063200897
11.126412087183873,0.0021156312600182294
11.13434282036906,0.0021155744408077604
11.142275936562191,0.002115517605568006
11.150211435545764,0.0021154607543013176
11.158149317102273,0.0021154038870131366
11.166089581014221,0.0021153470037081254
11.1740322270641,0.002115290104380838
11.181977255034408,0.002115233189038909
11.18992466470764,0.0021151762576873357
11.197874455866293,0.002115119310322757
11.205826628292868,0.00211506234695149
11.21378118176986,0.0021150053675764438
11.221738116079765,0.0021149483721963434
11.22969743100508,0.0021148913608167405
11.237659126328301,0.0021148343334375704
11.245623201831927,0.002114777290065372
11.253589657298454,0.0021147202307015105
11.261558492510378,0.002114663155346478
11.269529707250197,0.0021146060640039504
11.277503301300408,0.0021145489566733186
11.285479274443505,0.0021144918333632075
11.293457626461988,0.002114434694072564
11.301438357138352,0.0021143775388028693
11.309421466255099,0.0021143203675607703
11.317406953594718,0.0021142631803426864
11.325394818939714,0.0021142059771549343
11.333385062072576,0.0021141487579992148
11.341377682775803,0.002114091522879313
11.349372680831896,0.0021140342717967083
11.357370056023349,0.0021139770047543084
11.365369808132659,0.0021139197217532636
11.373371936942323,0.002113862422795383
11.381376442234837,0.0021138051078867606
11.389383323792698,0.0021137477770281085
11.397392581398405,0.002113690430220354
11.405404214834451,0.0021136330674692673
11.41341822388334,0.0021135756887745638
11.421434608327562,0.002113518294140474
11.429453367949616,0.002113460883564738
11.437474502532,0.0021134034570574117
11.445498011857206,0.0021133460146163453
11.453523895707738,0.002113288556245546
11.461552153866089,0.0021132310819474832
11.469582786114756,0.002113173591721549
11.477615792236238,0.002113116085575046
11.485651172013029,0.0021130585635108874
11.493688925227625,0.002113001025525601
11.501729051662528,0.0021129434716242964
11.509771551100231,0.002112885901811093
11.517816423323234,0.0021128283160872464
11.525863668114027,0.002112770714456768
11.533913285255114,0.002112713096921246
11.54196527452899,0.0021126554634820494
11.550019635718147,0.0021125978141433
11.558076368605093,0.0021125401489063634
11.566135472972315,0.002112482467775029
11.57419694860231,0.0021124247707486883
11.582260795277582,0.0021123670578346485
11.59032701278062,0.002112309329032078
11.598395600893925,0.0021122515843447673
11.606466559399998,0.002112193823774527
11.614539888081328,0.002112136047325256
11.622615586720414,0.0021120782549979887
11.630693655099755,0.0021120204467945406
11.638774093001846,0.0021119626227167226
11.646856900209185,0.002111904782770184
11.654942076504271,0.0021118469269558655
11.6630296216696,0.00211178905527744
11.671119535487662,0.0021117311677362766
11.679211817740962,0.0021116732643352873
11.687306468211993,0.0021116153450759538
11.695403486683253,0.002111557409959642
11.703502872937241,0.002111499458991684
11.71160462675645,0.0021114414921744335
11.71970874792338,0.002111383509511138
11.727815236220525,0.002111325510999203
11.735924091430386,0.0021112674966464887
11.744035313335454,0.0021112094664542547
11.75214890171823,0.002111151420424312
11.76026485636121,0.00211109335855913
11.768383177046896,0.002111035280860077
11.776503863557775,0.0021109771873327045
11.784626915676348,0.002110919077978161
11.792752333185113,0.00211086095279452
11.800880115866569,0.0021108028117941455
11.809010263503207,0.0021107446549687332
11.81714277587753,0.0021106864823284503
11.825277652772032,0.002110628293873344
11.833414893969207,0.0021105700896039106
11.841554499251556,0.0021105118695266874
11.849696468401577,0.0021104536336399604
11.857840801201762,0.0021103953819474187
11.865987497434613,0.002110337114454934
11.874136556882622,0.0021102788311615707
11.882287979328288,0.0021102205320714476
11.890441764554108,0.0021101622171858262
11.898597912342582,0.002110103886507394
11.906756422476201,0.0021100455400391745
11.914917294737467,0.002109987177782428
11.923080528908873,0.0021099287997438034
11.931246124772917,0.00210987040591939
11.939414082112096,0.0021098119963184787
11.947584400708907,0.002109753570936396
11.955757080345851,0.0021096951297816515
11.96393212080542,0.002109636672854964
11.972109521870111,0.0021095782001575923
11.980289283322419,0.0021095197116922262
11.988471404944844,0.002109461207463863
11.996655886519884,0.002109402687470911
12.004842727830036,0.0021093441517191338
12.013031928657794,0.002109285600211555
12.021223488785656,0.0021092270329471255
12.02941740799612,0.0021091684499299677
12.03761368607168,0.0021091098511649663
12.045812322794834,0.0021090512366514096
12.054013317948083,0.00210899260639539
12.062216671313921,0.0021089339603952086
12.07042238267484,0.0021088752986542078
12.078630451813344,0.00210881662118047
12.086840878511925,0.0021087579279655834
12.095053662553084,0.0021086992190242153
12.103268803719317,0.002108640494349831
12.11148630179312,0.0021085817539496237
12.119706156556987,0.002108522997823975
12.127928367793418,0.0021084642259779954
12.13615293528491,0.002108405438410971
12.14437985881396,0.0021083466351265773
12.152609138163063,0.002108287816127506
12.160840773114717,0.0021082289814179918
12.169074763451421,0.002108170130998084
12.177311108955667,0.0021081112648704734
12.185549809409956,0.00210805238303917
12.193790864596783,0.002107993485504671
12.202034274298645,0.00210793457227043
12.210280038298041,0.0021078756433418906
12.218528156377467,0.002107816698716907
12.226778628319417,0.0021077577383996015
12.23503145390639,0.002107698762394639
12.243286632920883,0.002107639770702625
12.251544165145393,0.0021075807633262524
12.259804050362415,0.002107521740265682
12.26806628835445,0.002107462701526356
12.276330878903993,0.002107403647111842
12.284597821793538,0.002107344577021314
12.292867116805583,0.0021072854912601046
12.30113876372263,0.002107226389832003
12.309412762327169,0.0021071672727335433
12.3176891124017,0.0021071081399700593
12.32596781372872,0.002107048991549186
12.334248866090725,0.00210698982746471
12.342532269270212,0.0021069306477271314
12.35081802304968,0.0021068714523316662
12.359106127211623,0.0021068122412860628
12.36739658153854,0.0021067530145925683
12.375689385812924,0.0021066937722508026
12.383984539817277,0.002106634514265655
12.392282043334092,0.002106575240639703
12.400581896145871,0.002106515951373556
12.408884098035104,0.002106456646469794
12.417188648784295,0.0021063973259346225
12.425495548175933,0.0021063379897673313
12.433804795992518,0.0021062786379704972
12.44211639201655,0.0021062192705457194
12.450430336030523,0.002106159887499312
12.458746627816938,0.0021061004888292445
12.467065267158286,0.002106041074541723
12.475386253837069,0.0021059816446394397
12.483709587635776,0.0021059221991179453
12.492035268336913,0.002105862737989601
12.500363295722972,0.0021058032612498467
12.50869366957645,0.0021057437689052227
12.517026389679849,0.002105684260958197
12.525361455815656,0.002105624737407726
12.533698867766375,0.0021055651982606846
12.542038625314502,0.0021055056435143717
12.550380728242533,0.0021054460731766496
12.558725176332969,0.002105386487245596
12.5670719693683,0.002105326885729392
12.575421107131026,0.0021052672686229356
12.583772589403642,0.002105207635935726
12.592126415968648,0.00210514798766683
12.600482586608537,0.0021050883238183976
12.608841101105813,0.0021050286443947603
12.61720195924297,0.0021049689493966377
12.625565160802497,0.00210490923882925
12.6339307055669,0.002104849512690011
12.642298593318671,0.0021047897709882113
12.650668823840311,0.0021047300137214866
12.659041396914315,0.0021046702408948357
12.66741631232318,0.002104610452508979
12.6757935698494,0.0021045506485662738
12.684173169275475,0.002104490829071941
12.692555110383902,0.0021044309940249383
12.700939392957176,0.002104371143430706
12.709326016777796,0.0021043112772918277
12.71771498162826,0.002104251395607259
12.72610628729106,0.002104191498383648
12.734499933548696,0.0021041315856210542
12.742895920183663,0.002104071657323151
12.75129424697846,0.0021040117134933003
12.759694913715585,0.0021039517541301244
12.768097920177532,0.0021038917792410377
12.7765032661468,0.0021038317888257773
12.784910951405882,0.0021037717828865884
12.793320975737279,0.0021037117614273724
12.801733338923487,0.0021036517244509352
12.810148040747006,0.0021035916719588706
12.818565080990325,0.0021035316039526636
12.826984459435947,0.0021034715204350076
12.835406175866364,0.0021034114214121087
12.843830230064079,0.002103351306883146
12.852256621811586,0.0021032911768521317
12.860685350891382,0.0021032310313194545
12.86911641708596,0.002103170870288793
12.877549820177826,0.0021031106937629495
12.885985559949468,0.0021030505017447304
12.894423636183385,0.0021029902942367165
12.902864048662076,0.0021029300712403923
12.91130679716804,0.002102869832756259
12.91975188148377,0.002102809578793048
12.928199301391762,0.0021027493093496077
12.936649056674515,0.002102689024425338
12.945101147114526,0.0021026287240287524
12.95355557249429,0.0021025684081615588
12.962012332596307,0.002102508076820409
12.970471427203071,0.0021024477300137013
12.978932856097083,0.0021023873677422714
12.987396619060833,0.002102326990007381
12.995862715876823,0.002102266596811614
13.004331146327548,0.0021022061881615078
13.012801910195508,0.0021021457640537167
13.021275007263197,0.002102085324494446
13.029750437313112,0.0021020248694855175
13.038228200127747,0.0021019643990315925
13.046708295489605,0.0021019039131298834
13.055190723181179,0.002101843411788677
13.063675482984968,0.0021017828950050726
13.072162574683466,0.0021017223627861504
13.080651998059174,0.0021016618151314236
13.089143752894584,0.0021016012520444632
13.097637838972195,0.002101540673528294
13.106134256074505,0.0021014800795855007
13.11463300398401,0.0021014194702187743
13.12313408248321,0.002101358845430922
13.131637491354597,0.0021012982052211237
13.14014323038067,0.0021012375495953633
13.148651299343923,0.0021011768785553497
13.157161698026856,0.002101116192102569
13.165674426211966,0.002101055490242687
13.17418948368175,0.0021009947729761862
13.182706870218706,0.0021009340403018223
13.191226585605325,0.0021008732922279936
13.199748629624109,0.002100812528754977
13.208273002057553,0.002100751749885468
13.216799702688157,0.002100690955622271
13.225328731298415,0.002100630145968304
13.233860087670823,0.0021005693209209825
13.24239377158788,0.002100508480493109
13.250929782832083,0.0021004476246776053
13.259468121185924,0.002100386753480787
13.268008786431908,0.0021003258669053493
13.276551778352527,0.002100264964955305
13.28509709673028,0.0021002040476273093
13.29364474134766,0.002100143114932512
13.302194711987166,0.0021000821668673434
13.310747008431294,0.0021000212034350567
13.319301630462546,0.002099960224640315
13.327858577863413,0.0020998992304838435
13.336417850416394,0.0020998382209677785
13.344979447903988,0.0020997771960965805
13.353543370108687,0.002099716155872831
13.36210961681299,0.002099655100294394
13.370678187799397,0.0020995940293709885
13.3792490828504,0.002099532943100811
13.387822301748498,0.0020994718414866663
13.396397844276192,0.0020994107245321247
13.40497571021597,0.0020993495922377987
13.413555899350337,0.002099288444608576
13.422138411461784,0.002099227281649788
13.430723246332812,0.00209916610335315
13.439310403745916,0.0020991049097347507
13.447899883483595,0.0020990437007863062
13.456491685328343,0.002098982476516773
13.465085809062657,0.002098921236926316
13.473682254469036,0.0020988599820178544
13.482281021329976,0.0020987987117938606
13.490882109427973,0.002098737426257029
13.499485518545525,0.0020986761254079716
13.508091248465128,0.0020986148092527863
13.516699298969279,0.0020985534777917523
13.525309669840475,0.002098492131028881
13.533922360861213,0.002098430768963247
13.542537371813992,0.0020983693916001816
13.551154702481305,0.002098307998944574
13.559774352645652,0.0020982465909930776
13.568396322089527,0.0020981851677533336
13.57702061059543,0.002098123729226938
13.585647217945855,0.002098062275412852
13.5942761439233,0.0020980008063176173
13.602907388310264,0.002097939321942386
13.61154095088924,0.0020978778222890924
13.620176831442727,0.002097816307361304
13.628815029753222,0.0020977547771606204
13.63745554560322,0.0020976932316900715
13.646098378775225,0.0020976316709543203
13.654743529051727,0.002097570094952776
13.663390996215218,0.0020975085036857165
13.672040780048206,0.0020974468971640685
13.680692880333181,0.0020973852753813113
13.689347296852644,0.002097323638347052
13.698004029389088,0.002097261986056966
13.706663077725015,0.002097200318520879
13.715324441642915,0.002097138635735673
13.723988120925288,0.0020970769377061226
13.73265411535463,0.002097015224434164
13.741322424713443,0.002096953495924684
13.74999304878422,0.0020968917521780738
13.758665987349456,0.002096829993196806
13.76734124019165,0.00209676821898161
13.7760188070933,0.0020967064295397838
13.784698687836899,0.002096644624870514
13.793380882204945,0.002096582804978802
13.80206538997994,0.0020965209698639397
13.810752210944377,0.0020964591195297222
13.819441344880751,0.002096397253978845
13.828132791571562,0.002096335373212793
13.836826550799305,0.0020962734772393184
13.84552262234648,0.002096211566051456
13.85422100599558,0.002096149639662434
13.862921701529103,0.0020960876980657345
13.871624708729547,0.0020960257412699812
13.880330027379406,0.0020959637692766595
13.889037657261179,0.002095901782082429
13.897747598157366,0.002095839779699647
13.90645984985046,0.002095777762123874
13.915174412122958,0.0020957157293590143
13.923891284757358,0.002095653681408971
13.932610467536156,0.002095591618274138
13.941331960241849,0.0020955295399606097
13.950055762656934,0.002095467446466698
13.95878187456391,0.002095405337797069
13.967510295745269,0.0020953432139560707
13.976241025983512,0.0020952810749423323
13.984974065061136,0.00209521892076273
13.993709412760635,0.002095156751413588
14.002447068864507,0.0020950945669049575
14.01118703315525,0.0020950323672336113
14.01992930541536,0.002094970152405754
14.028673885427336,0.0020949079224217796
14.037420772973672,0.002094845677284497
14.046169967836866,0.002094783416996267
14.054921469799412,0.002094721141561439
14.063675278643812,0.0020946588509813905
14.07243139415256,0.002094596545256293
14.081189816108155,0.00209453422439499
14.089950544293089,0.0020944718883919517
14.098713578489866,0.00209440953725678
14.107478918480973,0.002094347170986251
14.116246564048918,0.0020942847895871262
14.125016514976192,0.002094222393060225
14.133788771045293,0.00209415998141122
14.142563332038716,0.0020940975546366565
14.151340197738959,0.002094035112742743
14.160119367928518,0.002093972655732286
14.168900842389894,0.0020939101836070003
14.17768462090558,0.0020938476963691353
14.186470703258076,0.002093785194020738
14.195259089229873,0.002093722676565378
14.204049778603475,0.0020936601440082778
14.212842771161371,0.0020935975963451148
14.221638066686065,0.002093535033585494
14.230435664960051,0.002093472455728825
14.23923556576583,0.0020934098627775817
14.24803776888589,0.0020933472547298546
14.256842274102734,0.002093284631599095
14.265649081198857,0.002093221993379885
14.274458189956757,0.002093159340073266
14.283269600158933,0.0020930966716894025
14.292083311587879,0.002093033988225178
14.300899324026089,0.0020929712896841615
14.309717637256066,0.002092908576069388
14.318538251060302,0.002092845847382009
14.327361165221296,0.0020927831036264876
14.336186379521548,0.002092720344805299
14.34501389374355,0.0020926575709208045
14.353843707669798,0.0020925947819725272
14.362675821082794,0.0020925319779670063
14.371510233765031,0.0020924691589037474
14.380346945499008,0.00209240632479007
14.389185956067221,0.002092343475621747
14.398027265252168,0.0020922806114081764
14.406870872836343,0.0020922177321470066
14.415716778602246,0.002092154837843461
14.42456498233237,0.0020920919284990276
14.433415483809215,0.0020920290041153097
14.44226828281528,0.0020919660646945594
14.451123379133056,0.0020919031102437625
14.459980772545046,0.002091840140759137
14.468840462833745,0.0020917771562509574
14.477702449781646,0.002091714156713469
14.486566733171246,0.002091651142153979
14.49543331278505,0.0020915881125741966
14.504302188405546,0.0020915250679769334
14.513173359815237,0.0020914620083633444
14.522046826796615,0.002091398933738877
14.53092258913218,0.002091335844101178
14.539800646604428,0.0020912727394582172
14.548680998995856,0.002091209619807643
14.55756364608896,0.0020911464851579636
14.566448587666239,0.002091083335505082
14.575335823510187,0.0020910201708575073
14.584225353403303,0.002090956991214429
14.593117177128082,0.0020908937965760186
14.602011294467026,0.002090830586950136
14.610907705202623,0.0020907673623368427
14.619806409117379,0.002090704122737631
14.628707405993785,0.0020906408681590407
14.637610695614338,0.002090577598598718
14.646516277761537,0.0020905143140620003
14.655424152217877,0.0020904510145514734
14.66433431876586,0.0020903877000688523
14.673246777187979,0.0020903243706166096
14.682161527266729,0.0020902610261952534
14.691078568784608,0.002090197666811976
14.699997901524116,0.0020901342924664118
14.708919525267746,0.002090070903162243
14.717843439797997,0.00209000749890096
14.726769644897367,0.0020899440796852634
14.73569814034835,0.0020898806455191665
14.744628925933442,0.002089817196402844
14.753562001435144,0.0020897537323416315
14.762497366635952,0.002089690253334494
14.77143502131836,0.00208962675938764
14.780374965264869,0.002089563250501687
14.789317198257972,0.002089499726679335
14.798261720080168,0.0020894361879229464
14.807208530513952,0.0020893726342368748
14.816157629341822,0.002089309065623594
14.825109016346275,0.00208924548207988
14.83406269130981,0.0020891818836156714
14.843018654014921,0.0020891182702288407
14.851976904244104,0.002089054641925706
14.860937441779857,0.0020889909987090787
14.869900266404679,0.0020889273405745265
14.878865377901068,0.0020888636675316543
14.887832776051516,0.002088799979581306
14.89680246063852,0.002088736276724527
14.90577443144458,0.002088672558963032
14.914748688252192,0.0020886088263031397
14.923725230843853,0.002088545078746453
14.932704059002061,0.0020884813162931467
14.941685172509311,0.002088417538944825
14.9506685711481,0.0020883537467115366
14.959654254700922,0.0020882899395859938
14.96864222295028,0.002088226117576056
14.977632475678666,0.002088162280686723
14.986625012668581,0.0020880984289149964
14.995619833702522,0.002088034562267956
15.00461693856298,0.002087970680745125
15.013616327032457,0.002087906784348868
15.022617998893447,0.0020878428730819964
15.031621953928447,0.002087778946951276
15.040628191919957,0.0020877150059539075
15.049636712650475,0.0020876510500945807
15.058647515902491,0.0020875870793764175
15.067660601458504,0.0020875230938014696
15.076675969101014,0.002087459093371229
15.085693618612519,0.0020873950780905845
15.094713549775511,0.00208733104795884
15.103735762372493,0.002087267002981218
15.112760256185954,0.002087202943161401
15.121787030998394,0.0020871388684961687
15.130816086592313,0.0020870747789955694
15.139847422750206,0.0020870106746585723
15.148881039254569,0.0020869465554855743
15.1579169358879,0.0020868824214814656
15.166955112432698,0.0020868182726485186
15.175995568671452,0.0020867541089921596
15.185038304386667,0.0020866899305084096
15.194083319360834,0.002086625737206981
15.203130613376457,0.0020865615290848764
15.212180186216031,0.0020864973061468723
15.221232037662045,0.002086433068395894
15.230286167497002,0.0020863688158357335
15.239342575503398,0.0020863045484669006
15.248401261463734,0.002086240266288477
15.257462225160499,0.0020861759693101764
15.2665254663762,0.0020861116575302085
15.275590984893324,0.002086047330954668
15.284658780494372,0.00208598298957924
15.29372885296184,0.0020859186334149554
15.302801202078223,0.002085854262458484
15.311875827626023,0.0020857898767140666
15.320952729387738,0.0020857254761864796
15.330031907145859,0.002085661060874917
15.339113360682882,0.0020855966307808697
15.348197089781308,0.002085532185913295
15.357283094223634,0.002085467726269843
15.366371373792354,0.0020854032518523415
15.375461928269967,0.0020853387626667743
15.384554757438975,0.0020852742587136514
15.393649861081864,0.0020852097399954523
15.402747238981135,0.0020851452065153214
15.41184689091929,0.002085080658274752
15.420948816678818,0.0020850160952796165
15.430053016042221,0.002084951517524618
15.439159488791997,0.00208488692502309
15.44826823471064,0.002084822317770829
15.457379253580646,0.0020847576957725004
15.466492545184511,0.002084693059027633
15.475608109304739,0.002084628407542546
15.484725945723818,0.002084563741318509
15.493846054224255,0.002084499060356034
15.502968434588535,0.002084434364663628
15.512093086599162,0.002084369654237089
15.52122001003863,0.002084304929083942
15.530349204689442,0.002084240189203046
15.539480670334086,0.0020841754345971002
15.548614406755068,0.0020841106652704578
15.557750413734878,0.002084045881226915
15.566888691056013,0.0020839810824664225
15.576029238500972,0.002083916268993223
15.585172055852253,0.0020838514408086993
15.59431714289235,0.0020837865979168695
15.603464499403767,0.0020837217403180206
15.61261412516899,0.0020836568680173795
15.621766019970522,0.002083591981012707
15.63092018359086,0.0020835270793129594
15.640076615812498,0.002083462162917978
15.649235316417936,0.002083397231828833
15.658396285189674,0.00208333228605106
15.6675595219102,0.002083267325584303
15.676725026362016,0.002083202350432353
15.685892798327618,0.0020831373605991197
15.695062837589502,0.002083072356083796
15.704235143930168,0.002083007336892589
15.713409717132114,0.0020829423030244688
15.722586556977832,0.002082877254485108
15.731765663249819,0.002082812191276759
15.740947035730574,0.0020827471134010293
15.750130674202593,0.002082682020860619
15.759316578448374,0.002082616913657247
15.768504748250418,0.0020825517917945954
15.777695183391211,0.0020824866552767956
15.786887883653257,0.002082421504102819
15.796082848819053,0.0020823563382780016
15.805280078671094,0.0020822911578024066
15.814479572991877,0.0020822259626825782
15.823681331563904,0.002082160752915188
15.832885354169663,0.002082095528509948
15.842091640591658,0.0020820302894638655
15.85130019061238,0.002081965035780735
15.86051100401433,0.0020818997674655585
15.869724080580006,0.0020818344845176407
15.878939420091903,0.0020817691869422093
15.888157022332516,0.0020817038747381208
15.897376887084341,0.0020816385479143326
15.906599014129881,0.0020815732064675125
15.915823403251629,0.002081507850402553
15.92505005423208,0.002081442479722377
15.934278966853737,0.0020813770944273884
15.943510140899091,0.00208131169452379
15.952743576150642,0.0020812462800097967
15.961979272390883,0.0020811808508922644
15.971217229402312,0.0020811154071708336
15.980457446967431,0.002081049948847222
15.989699924868734,0.0020809844759283997
15.99894466288872,0.0020809189884136684
16.008191660809874,0.00208085348630607
16.01744091841471,0.0020807879696091752
16.026692435485714,0.002080722438323382
16.03594621180538,0.002080656892452713
16.04520224715622,0.0020805913319998687
16.05446054132072,0.0020805257569687548
16.063721094081373,0.0020804601673561564
16.072983905220685,0.0020803945631719
16.082248974521146,0.0020803289444174785
16.091516301765257,0.0020802633110909956
16.100785886735515,0.0020801976631962464
16.110057729214418,0.002080132000740867
16.11933182898446,0.0020800663237201004
16.12860818582814,0.002080000632141919
16.137886799527944,0.002079934926006055
16.147167669866388,0.0020798692053158796
16.15645079662595,0.0020798034700749628
16.16573617958915,0.0020797377202848052
16.17502381853846,0.002079671955948329
16.18431371325639,0.002079606177068013
16.193605863525434,0.002079540383645576
16.20290026912809,0.0020794745756860197
16.212196929846854,0.00207940875319216
16.221495845464226,0.002079342916159575
16.2307970157627,0.0020792770645981975
16.240100440524774,0.0020792111985105106
16.24940611953294,0.0020791453178946153
16.258714052569697,0.0020790794227568284
16.268024239417546,0.002079013513097666
16.277336679858987,0.0020789475889219067
16.286651373676506,0.002078881650228859
16.295968320652605,0.0020788156970224284
16.30528752056978,0.0020787497293064134
16.314608973210532,0.0020786837470825317
16.32393267835735,0.0020786177503510756
16.333258635792745,0.0020785517391219803
16.3425868452992,0.002078485713389508
16.351917306659214,0.002078419673161186
16.361250019655287,0.002078353618436208
16.370584984069918,0.002078287549219577
16.3799221996856,0.002078221465512902
16.38926166628483,0.0020781553673188844
16.398603383650112,0.0020780892546426377
16.40794735156393,0.002078023127482266
16.41729356980879,0.0020779569858401354
16.426642038167184,0.002077890829725312
16.435992756421612,0.002077824659133265
16.445345724354578,0.0020777584740714044
16.454700941748563,0.0020776922745389314
16.464058408386073,0.0020776260605420535
16.473418124049605,0.0020775598320775536
16.482780088521654,0.0020774935891544988
16.49214430158472,0.002077427331772735
16.501510763021297,0.002077361059932663
16.510879472613883,0.002077294773640715
16.520250430144973,0.0020772284728974052
16.529623635397062,0.0020771621577052126
16.538999088152654,0.002077095828065861
16.54837678819424,0.002077029483985328
16.55775673530432,0.002076963125461836
16.567138929265397,0.002076896752499064
16.576523369859952,0.0020768303651013706
16.58591005687049,0.0020767639632722165
16.59529899007951,0.002076697547012228
16.60469016926951,0.002076631116326519
16.614083594222976,0.002076564671211654
16.623479264722423,0.002076498211675268
16.632877180550334,0.0020764317377164475
16.64227734148921,0.002076365249342606
16.651679747321545,0.0020762987465544826
16.661084397829843,0.002076232229351922
16.67049129279659,0.002076165697739055
16.679900432004295,0.00207609915172209
16.68931181523545,0.0020760325912980372
16.698725442272547,0.0020759660164717895
16.708141312898086,0.0020758994272462713
16.717559426894567,0.00207583282362155
16.726979784044484,0.002075766205607899
16.73640238413034,0.002075699573198041
16.745827226934622,0.0020756329263996124
16.755254312239828,0.0020755662652144477
16.764683639828462,0.002075499589644913
16.774115209483014,0.002075432899696233
16.783549020985987,0.0020753661953639944
16.792985074119876,0.0020752994766604278
16.802423368667174,0.002075232743580135
16.81186390441038,0.002075165996130306
16.821306681131993,0.0020750992343102513
16.830751698614506,0.002075032458123768
16.84019895664042,0.0020749656675750987
16.849648454992234,0.0020748988626652946
16.859100193452434,0.002074832043397507
16.868554171803527,0.002074765209772898
16.87801038982801,0.0020746983617958236
16.887468847308373,0.0020746314994685403
16.896929544027113,0.0020745646227944207
16.906392479766737,0.0020744977317728648
16.915857654309733,0.0020744308264074706
16.925325067438596,0.0020743639067027915
16.93479471893583,0.002074296972660886
16.944266608583927,0.0020742300242851015
16.953740736165386,0.00207416306157607
16.96321710146271,0.002074096084536492
16.97269570425838,0.002074029093169185
16.98217654433491,0.0020739620874791493
16.991659621474785,0.002073895067464269
17.001144935460506,0.0020738280331324033
17.01063248607457,0.0020737609844797833
17.02012227309948,0.0020736939215166774
17.02961429631772,0.0020736268442383358
17.039108555511795,0.0020735597526527314
17.0486050504642,0.002073492646761025
17.058103780957435,0.0020734255265648276
17.067604746773988,0.0020733583920681613
17.07710794769637,0.002073291243268794
17.08661338350707,0.002073224080175683
17.09612105398858,0.002073156902789008
17.105630958923403,0.00207308971111136
17.115143098094034,0.0020730225051432583
17.12465747128297,0.0020729552848910214
17.13417407827271,0.0020728880503549426
17.14369291884575,0.0020728208015366313
17.153213992784583,0.0020727535384410926
17.16273729987171,0.002072686261069934
17.17226283988963,0.0020726189694257506
17.181790612620834,0.0020725516635089463
17.191320617847822,0.0020724843433272684
17.200852855353094,0.002072417008878267
17.21038732491914,0.0020723496601685962
17.219924026328457,0.0020722822971983262
17.22946295936355,0.0020722149199679735
17.23900412380691,0.0020721475284826534
17.248547519441033,0.0020720801227472573
17.25809314604842,0.0020720127027625238
17.26764100341157,0.0020719452685285275
17.277191091312964,0.002071877820050266
17.28674340953512,0.002071810357328373
17.29629795786052,0.0020717428803712396
17.305854736071666,0.002071675389173583
17.315413743951062,0.0020716078837415006
17.32497498128119,0.002071540364080104
17.33453844784456,0.0020714728301873906
17.344104143423664,0.002071405282068475
17.353672067800996,0.0020713377197259493
17.363242220759055,0.0020712701431640575
17.37281460208034,0.002071202552380687
17.38238921154735,0.0020711349473829114
17.39196604894257,0.002071067328169176
17.401545114048506,0.002070999694745576
17.411126406647657,0.0020709320471137232
17.420709926522516,0.0020708643852748927
17.430295673455582,0.0020707967092321255
17.439883647229347,0.002070729018990535
17.449473847626315,0.0020706613145492127
17.459066274428974,0.002070593595914251
17.468660927419833,0.002070525863085079
17.478257806381375,0.0020704581160654926
17.48785691109611,0.0020703903548583064
17.49745824134653,0.0020703225794673217
17.50706179691512,0.002070254789891625
17.516667577584396,0.0020701869861377634
17.526275583136844,0.002070119168203618
17.535885813354962,0.0020700513360991254
17.545498268021255,0.002069983489817126
17.555112946918207,0.0020699156293702992
17.564729849828318,0.0020698477547516025
17.574348976534093,0.002069779865972057
17.583970326818022,0.0020697119630298873
17.593593900462604,0.002069644045926595
17.603219697250335,0.0020695761146694762
17.612847716963714,0.0020695081692553253
17.622477959385233,0.0020694402096918924
17.63211042429739,0.002069372235978041
17.641745111482688,0.0020693042481164784
17.651382020723617,0.0020692362461150627
17.661021151802686,0.002069168229969048
17.67066250450237,0.002069100199684863
17.68030607860518,0.0020690321552651048
17.689951873893616,0.0020689640967126977
17.69959989015017,0.0020688960240278285
17.70925012715734,0.002068827937216815
17.718902584697616,0.0020687598362802884
17.728557262553505,0.0020686917212180992
17.738214160507503,0.002068623592036899
17.747873278342098,0.0020685554487368737
17.75753461583979,0.0020684872913233616
17.767198172783086,0.0020684191197952277
17.776863948954468,0.002068350934157815
17.786531944136446,0.00206828273441119
17.79620215811151,0.0020682145205608076
17.805874590662157,0.002068146292609371
17.81554924157088,0.0020680780505581563
17.825226110620186,0.002068009794407573
17.834905197592562,0.0020679415241639386
17.844586502270516,0.0020678732398277766
17.85427002443653,0.002067804941400358
17.863955763873115,0.0020677366288895478
17.87364372036276,0.0020676683022941
17.88333389368797,0.002067599961614533
17.893026283631222,0.0020675316068558517
17.90272088997504,0.002067463238022301
17.9124177125019,0.0020673948551152704
17.922116750994306,0.0020673264581360365
17.931818005234756,0.0020672580470876413
17.94152147500575,0.002067189621973656
17.95122716008978,0.0020671211827985544
17.960935060269343,0.00206705272955857
17.970645175326936,0.002066984262262767
17.980357505045053,0.0020669157809100145
17.990072049206198,0.0020668472855056483
17.999788807592864,0.0020667787760485384
18.009507779987548,0.002066710252544023
18.019228966172754,0.0020666417149936053
18.028952365930962,0.0020665731634038247
18.03867797904468,0.002066504597771032
18.048405805296408,0.0020664360181006755
18.058135844468634,0.0020663674243963314
18.06786809634386,0.002066298816657201
18.07760256070459,0.002066230194889942
18.087339237333307,0.00206616155909474
18.097078126012516,0.002066092909277912
18.10681922652471,0.002066024245434714
18.116562538652385,0.0020659555675743217
18.126308062178044,0.0020658868756966973
18.136055796884186,0.002065818169804995
18.145805742553296,0.0020657494499025622
18.155557898967878,0.0020656807159903693
18.16531226591043,0.002065611968071769
18.175068843163448,0.002065543206147503
18.184827630509425,0.00206547443022367
18.194588627730866,0.002065405640300789
18.204351834610257,0.0020653368363824356
18.2141172509301,0.002065268018469352
18.223884876472898,0.0020651991865666573
18.233654711021135,0.0020651303406743113
18.243426754357323,0.002065061480796447
18.25320100626395,0.0020649926069359957
18.26297746652351,0.0020649237190930323
18.272756134918506,0.002064854817276394
18.28253701123143,0.002064785901480245
18.292320095244786,0.002064716971712335
18.302105386741065,0.0020646480279755933
18.31189288550277,0.002064579070270848
18.32168259131239,0.00206451009860148
18.331474503952418,0.002064441112967561
18.341268623205362,0.002064372113375411
18.35106494885372,0.0020643030998242365
18.360863480679978,0.002064234072322764
18.370664218466644,0.002064165030865157
18.380467161996204,0.002064095975460481
18.390272311051163,0.002064026906107605
18.40007966541402,0.002063957822811756
18.409889224867257,0.002063888725574324
18.419700989193387,0.0020638196143958325
18.429514958174902,0.0020637504892825967
18.4393311315943,0.002063681350234807
18.449149509234072,0.002063612197256483
18.45897009087672,0.002063543030349354
18.468792876304736,0.002063473849515901
18.47861786530062,0.0020634046547574007
18.48844505764687,0.002063335446080734
18.498274453125987,0.002063266223484772
18.50810605152046,0.00206319698697222
18.517939852612788,0.0020631277365493962
18.52777585618547,0.0020630584722130998
18.537614062021,0.0020629891939685585
18.54745446990188,0.0020629199018207746
18.557297079610603,0.0020628505957712502
18.567141890929662,0.0020627812758191918
18.57698890364156,0.0020627119419708057
18.58683811752879,0.00206264259422782
18.59668953237385,0.0020625732325917365
18.606543147959243,0.0020625038570663548
18.61639896406746,0.002062434467653291
18.626256980480996,0.002062365064356451
18.63611719698235,0.002062295647178548
18.645979613354022,0.0020622262161175803
18.655844229378502,0.0020621567711845727
18.665711044838293,0.0020620873123741402
18.675580059515895,0.0020620178396945615
18.685451273193795,0.0020619483531442873
18.695324685654494,0.0020618788527266693
18.70520029668049,0.0020618093384483613
18.71507810605428,0.002061739810308681
18.72495811355836,0.0020616702683063926
18.734840318975227,0.002061600712454167
18.74472472208738,0.002061531142743651
18.75461132267731,0.002061461559185982
18.76450012052752,0.002061391961776865
18.774391115420503,0.002061322350526232
18.78428430713876,0.00206125272542968
18.794179695464784,0.00206118308649319
18.804077280181076,0.0020611134337198043
18.813977061070126,0.002061043767110917
18.823879037914434,0.0020609740866681416
18.833783210496502,0.002060904392397685
18.84368957859882,0.002060834684297887
18.853598142003893,0.0020607649623743955
18.863508900494207,0.002060695226626865
18.873421853852268,0.0020606254770640232
18.883337001860564,0.0020605557136797016
18.893254344301603,0.002060485936484503
18.903173880957873,0.0020604161454746677
18.913095611611876,0.002060346340657941
18.923019536046105,0.002060276522033421
18.93294565404306,0.002060206689606446
18.942873965385235,0.0020601368433768668
18.952804469855128,0.0020600669833490443
18.96273716723524,0.0020599971095241446
18.972672057308063,0.0020599272219078437
18.982609139856095,0.0020598573204973617
18.99254841466183,0.002059787405300894
19.002489881507767,0.0020597174763173115
19.012433540176403,0.002059647533551619
19.02237939045024,0.002059577577005543
19.032327432111767,0.0020595076066815656
19.042277664943494,0.0020594376225816433
19.0522300887279,0.0020593676247079194
19.06218470324749,0.0020592976130649797
19.07214150828476,0.0020592275876562863
19.08210050362221,0.002059157548481048
19.092061689042335,0.002059087495543514
19.102025064327634,0.002059017428846052
19.111990629260596,0.0020589473483913732
19.121958383623724,0.002058877254183724
19.131928327199518,0.0020588071462220906
19.141900459770472,0.002058737024511474
19.151874781119076,0.0020586668890549193
19.161851291027837,0.002058596739854798
19.171829989279246,0.0020585265769128363
19.181810875655803,0.0020584564002292267
19.191793949940003,0.002058386209813029
19.201779211914342,0.0020583160056605967
19.21176666136132,0.0020582457877808802
19.221756298063433,0.0020581755561681625
19.23174812180318,0.002058105310831058
19.241742132363047,0.002058035051770202
19.25173832952554,0.0020579647789892835
19.26173671307316,0.0020578944924910113
19.271737282788393,0.0020578241922771107
19.281740038453748,0.0020577538783489776
19.291744979851707,0.0020576835507117265
19.30175210676478,0.0020576132093645637
19.311761418975458,0.0020575428543162188
19.321772916266237,0.002057472485562065
19.33178659841962,0.0020574021031088694
19.3418024652181,0.0020573317069600967
19.35182051644417,0.00205726129711627
19.361840751880333,0.0020571908735787826
19.37186317130908,0.0020571204363518843
19.381887774512915,0.002057049985439147
19.39191456127433,0.0020569795208425267
19.401943531375824,0.002056909042563194
19.41197468459989,0.0020568385506049415
19.422008020729027,0.002056768044969841
19.432043539545734,0.0020566975256625553
19.442081240832504,0.002056626992681318
19.45212112437184,0.002056556446034741
19.46216318994624,0.0020564858857196277
19.472207437338188,0.002056415311743389
19.48225386633019,0.0020563447241028284
19.49230247670474,0.0020562741228078735
19.50235326824434,0.0020562035078549924
19.512406240731483,0.0020561328792511754
19.522461393948667,0.0020560622369925545
19.53251872767839,0.002055991581090597
19.542578241703144,0.0020559209115417728
19.55263993580543,0.0020558502283514186
19.562703809767743,0.0020557795315186344
19.572769863372585,0.0020557088210520335
19.582838096402444,0.002055638096947327
19.592908508639823,0.002055567359211927
19.60298109986722,0.0020554966078461336
19.613055869867125,0.0020554258428540843
19.623132818422043,0.0020553550642371716
19.633211945314464,0.0020552842719993077
19.64329325032689,0.0020552134661418844
19.653376733241817,0.002055142646668174
19.66346239384174,0.0020550718135802096
19.673550231909154,0.0020550009668835563
19.68364024722656,0.0020549301065738157
19.693732439576454,0.0020548592326604664
19.70382680874133,0.0020547883451444847
19.713923354503695,0.002054717444024409
19.72402207664603,0.002054646529309187
19.73412297495084,0.0020545756009968277
19.744226049200627,0.0020545046590914684
19.754331299177874,0.002054433703595257
19.764438724665094,0.002054362734511349
19.774548325444776,0.0020542917518424544
19.784660101299412,0.0020542207555912834
19.79477405201151,0.002054149745759229
19.80489017736356,0.0020540787223518532
19.815008477138058,0.0020540076853663805
19.8251289511175,0.00205393663481221
19.835251599084394,0.0020538655706867893
19.84537642082122,0.002053794492992071
19.855503416110484,0.0020537234017352418
19.865632584734687,0.0020536522969180305
19.875763926476317,0.002053581178538222
19.88589744111788,0.0020535100466035645
19.896033128441868,0.0020534389011155614
19.906170988230773,0.0020533677420756058
19.9163110202671,0.002053296569487613
19.92645322433334,0.00205322538335331
19.93659760021199,0.0020531541836739807
19.946744147685553,0.00205308297045519
19.956892866536524,0.0020530117436977683
19.967043756547397,0.0020529405034037857
19.97719681750067,0.0020528692495783533
19.98735204917884,0.002052797982219261
