calibration,confband
4.053919814377595,0.005707362995937856
4.059185433685091,0.005688755662479726
4.064453656542671,0.005670188498556077
4.0697244827430366,0.0056516614751163825
4.074997912078884,0.005633174563159931
4.080273944342915,0.005614727733736209
4.0855525793278265,0.005596320957945267
4.090833816826319,0.005577954206938107
4.09611765663109,0.005559627451917059
4.101404098534839,0.0055413406641361684
4.106693142330262,0.005523093814901576
4.111984787810063,0.005504886875571917
4.117279034766938,0.005486719817558707
4.122575882993585,0.005468592612326745
4.127875332282706,0.005450505231394505
4.133177382426997,0.005432457646334544
4.138482033219158,0.005414449828773904
4.143789284451887,0.005396481750394523
4.149099135917883,0.005378553382933645
4.154411587409847,0.005360664698184234
4.159726638720476,0.005342815667995392
4.165044289642469,0.0053250062642727835
4.170364539968524,0.005307236458979056
4.175687389491341,0.005289506224134265
4.18101283800362,0.005271815531816313
4.186340885298059,0.005254164354161374
4.191671531167356,0.0052365526633643385
4.19700477540421,0.005218980431679248
4.202340617801321,0.00520144763141974
4.2076790581513865,0.0051839542349595025
4.213020096247105,0.005166500214732711
4.218363731881178,0.005149085543234493
4.223709964846302,0.005131710193021381
4.229058794935177,0.005114374136711777
4.234410221940501,0.005097077346986408
4.239764245654975,0.0050798197965888
4.245120865871294,0.005062601458325753
4.250480082382159,0.005045422305067803
4.2558418949802705,0.005028282309749713
4.261206303458326,0.005011181445370944
4.266573307609024,0.004994119684996146
4.271942907225062,0.004977097001755646
4.277315102099142,0.004960113368845935
4.282689892023961,0.004943168759530173
4.288067276792217,0.004926263147138677
4.293447256196612,0.004909396505069437
4.298829830029843,0.0048925688067886055
4.304214998084608,0.004875780025831023
4.309602760153607,0.004859030135800725
4.314993116029537,0.0048423191103714605
4.3203860655051,0.004825646923287211
4.325781608372993,0.004809013548362719
4.331179744425915,0.0047924189594840145
4.336580473456565,0.004775863130608946
4.341983795257643,0.004759346035767722
4.347389709621846,0.004742867649063443
4.352798216341873,0.004726427944672649
4.358209315210424,0.004710026896845869
4.363623006020198,0.004693664479908172
4.369039288563894,0.004677340668259714
4.374458162634208,0.004661055436376308
4.379879628023843,0.004644808758809982
4.385303684525494,0.004628600610189538
4.390730331931862,0.00461243096522114
4.396159570035647,0.004596299798688868
4.401591398629545,0.004580207085455313
4.407025817506257,0.004564152800462148
4.412462826458482,0.004548136918730718
4.4179024252789185,0.004532159415362631
4.423344613760263,0.004516220265540347
4.428789391695218,0.004500319444527784
4.434236758876479,0.004484456927670913
4.439686715096748,0.00446863269039836
4.445139260148722,0.004452846708222025
4.450594393825102,0.004437098956737691
4.456052115918583,0.00442138941162564
4.461512426221867,0.004405718048651273
4.466975324527651,0.004390084843665742
4.472440810628636,0.004374489772606572
4.477908884317519,0.004358932811498293
4.483379545387001,0.0043434139364530895
4.4888527936297775,0.004327933123671425
4.49432862883855,0.004312490349442698
4.499807050806017,0.004297085590145886
4.505288059324878,0.004281718822250204
4.510771654187829,0.00426639002231575
4.516257835187572,0.0042510991669941775
4.521746602116805,0.004235846233029357
4.527237954768224,0.004220631197258037
4.532731892934533,0.004205454036610527
4.538228416408427,0.004190314728111365
4.543727524982607,0.0041752132488800065
4.549229218449771,0.004160149576131499
4.554733496602618,0.004145123687177178
4.5602403592338465,0.004130135559425352
4.5657498061361546,0.004115185170382003
4.571261837102243,0.004100272497651485
4.576776451924811,0.004085397518937227
4.582293650396555,0.004070560212042433
4.587813432310176,0.004055760554870806
4.59333579745837,0.004040998525427252
4.598860745633839,0.0040262741018186
4.6043882766292805,0.004011587262254327
4.609918390237396,0.0039969379850472815
4.615451086250879,0.00398232624861441
4.620986364462433,0.003967752031477493
4.626524224664755,0.003953215312263879
4.632064666650543,0.003938716069707226
4.637607690212498,0.003924254282648244
4.643153295143317,0.003909829930035437
4.6487014812357,0.0038954429909258603
4.654252248282346,0.00388109344448587
4.6598055960759535,0.0038667812699918792
4.665361524409221,0.0038525064468311184
4.6709200330748475,0.003838268954502397
4.676481121865533,0.003824068772616873
4.682044790573974,0.003809905880898819
4.6876110389928725,0.003795780259186395
4.6931798669149245,0.0037816918874324272
4.698751274132831,0.0037676407457051795
4.704325260439289,0.0037536268141891396
4.709901825626998,0.003739650073185805
4.715480969488659,0.00372571050311446
4.721062691816966,0.0037118080845129765
4.726646992404623,0.003697942798038598
4.732233871044327,0.0036841146244687376
4.737823327528776,0.003670323544701773
4.743415361650669,0.003656569539757845
4.749009973202707,0.0036428525907796633
4.754607161977586,0.0036291726790333035
4.760206927768007,0.0036155297859090177
4.765809270366668,0.003601923892922039
4.771414189566267,0.0035883549817133957
4.777021685159504,0.0035748230340507136
4.782631756939076,0.003561328031829038
4.788244404697686,0.0035478699570716432
4.79385962822803,0.003534448791930851
4.799477427322806,0.0035210645186888444
4.805097801774716,0.0035077171197584905
4.810720751376454,0.0034944065776841542
4.816346275920725,0.003481132875142525
4.821974375200224,0.003467895994943434
4.82760504900765,0.0034546959200306765
4.8332382971357015,0.003441532633482834
4.83887411937708,0.0034284061185141006
4.844512515524482,0.0034153163584751
4.850153485370607,0.0034022633368537146
4.855797028708154,0.003389247037275904
4.8614431453298215,0.0033762674435065284
4.867091835028309,0.003363324539450174
4.872743097596316,0.0033504183091519722
4.878396932826539,0.0033375487367984192
4.884053340511678,0.0033247158067182
4.889712320444434,0.003311919503383
4.895373872417503,0.003299159811408335
4.901037996223586,0.003286436715554351
4.90670469165538,0.0032737502007266516
4.912373958505584,0.0032611002519771022
4.918045796566898,0.0032484868545046416
4.923720205632021,0.0032359099936560922
4.92939718549365,0.0032233696549269606
4.935076735944485,0.0032108658239622407
4.940758856777227,0.003198398486557213
4.946443547784572,0.00318596762865824
4.95213080875922,0.0031735732363635557
4.957820639493868,0.0031612152959240524
4.963513039781217,0.003148893793744068
4.969208009413967,0.0031366087163821593
4.974905548184815,0.0031243600505518787
4.980605655886459,0.0031121477831225442
4.9863083323116,0.003099971901119998
4.992013577252934,0.003087832391727368
4.997721390503163,0.003075729242285816
5.003431771854984,0.003063662440295285
5.009144721101097,0.0030516319734152373
5.014860238034201,0.0030396378294653835
5.020578322446994,0.003027679996426406
5.026298974132175,0.003015758462440678
5.032022192882441,0.003003873215812966
5.037747978490495,0.002992024245011136
5.043476330749034,0.002980211538666832
5.049207249450755,0.0029684350855761687
5.054940734388359,0.002956694874700392
5.060676785354546,0.0029449908951665505
5.066415402142011,0.0029333231362681294
5.072156584543457,0.0029216915874657047
5.077900332351578,0.0029100962383875606
5.083646645359078,0.002898537078830311
5.089395523358653,0.002887014098759489
5.095146966143003,0.002875527288310156
5.100900973504826,0.0028640766377874584
5.10665754523682,0.002852662137667201
5.112416681131688,0.002841283778596388
5.118178380982124,0.00282994155139376
5.12394264458083,0.0028186354470503025
5.129709471720504,0.0028073654567297556
5.135478862193843,0.002796131571769089
5.1412508157935495,0.002784933783678971
5.147025332312318,0.002773772084144217
5.152802411542851,0.002762646465024215
5.158582053277847,0.0027515569183533426
5.164364257310003,0.0027405034363413455
5.170149023432018,0.002729486011373717
5.175936351436594,0.002718504636012041
5.181726241116426,0.0027075593029943206
5.187518692264215,0.002696650005235278
5.193313704672659,0.0026857767358266383
5.199111278134457,0.0026749394880373834
5.204911412442309,0.0026641382553139826
5.210714107388913,0.002653373031280599
5.2165193627669675,0.002642643809739271
5.222327178369172,0.0026319505846700625
5.2281375539882236,0.002621293350231183
5.233950489416824,0.0026106721007590887
5.23976598444767,0.002600086830768542
5.245584038873463,0.0025895375349526575
5.251404652486898,0.002579024208182895
5.257227825080676,0.0025685468455090292
5.263053556447496,0.0025581054421591034
5.268881846380057,0.0025476999935393134
5.2747126946710585,0.002537330495233893
5.280546101113198,0.0025269969430049364
5.286382065499175,0.0025166993327922025
5.292220587621687,0.0025064376607128627
5.298061667273434,0.002496211923061233
5.303905304247116,0.002486022116308438
5.309751498335429,0.0024758682371020637
5.315600249331076,0.0024657502822657412
5.321451557026752,0.002455668248798704
5.327305421215158,0.0024456221338752973
5.333161841688992,0.002435611934844441
5.339020818240953,0.002425637649229033
5.344882350663741,0.0024156992747253405
5.350746438750053,0.0024057968092022954
5.356613082292589,0.002395930250700779
5.362482281084048,0.002386099597432829
5.368354034917128,0.002376304847780812
5.374228343584528,0.0023665460002965243
5.380105206878947,0.0023568230537002587
5.385984624593085,0.002347136006879793
5.39186659651964,0.0023374848588893367
5.397751122451311,0.0023278696089484084
5.4036382021807965,0.00231829025644066
5.409527835500794,0.002308746800912634
5.415420022204006,0.002299239242072457
5.421314762083129,0.0022897675797884745
5.427212054930862,0.0022803318140878093
5.433111900539903,0.0022709319451548657
5.439014298702953,0.0022615679733297435
5.4449192492127105,0.002252239899106611
5.4508267518618725,0.0022429477231319804
5.456736806443139,0.002233691446202915
5.46264941274921,0.0022244710692651726
5.468564570572783,0.0022152865934112536
5.474482279706556,0.0022061380198783883
5.48040253994323,0.002197025350046437
5.486325351075503,0.002187948585435699
5.492250712896073,0.0021789077277046534
5.498178625197641,0.0021699027786476082
5.504109087772904,0.0021609337401922567
5.510042100414561,0.00215200061439716
5.515977662915312,0.0021431034034491174
5.521915775067855,0.0021342421096604744
5.527856436664888,0.0021254167354663057
5.533799647499111,0.002116627283421524
5.539745407363224,0.0021078737561978818
5.545693716049923,0.002099156156580887
5.55164457335191,0.0020904744874665907
5.557597979061883,0.002081828751858299
5.563553932972537,0.0020732189528631833
5.569512434876578,0.002064645093688742
5.5754734845666984,0.0020561071776392095
5.581437081835601,0.0020476052081118247
5.587403226475982,0.0020391391885929786
5.593371918280543,0.0020307091226542777
5.599343157041981,0.0020223150139484667
5.605316942552995,0.0020139568662052524
5.611293274606284,0.0020056346832269777
5.6172721529945475,0.0019973484688842256
5.623253577510484,0.0019890982271112425
5.629237547946793,0.0019808839619012784
5.635224064096171,0.00197270567730178
5.64121312575132,0.0019645633774094595
5.647204732704936,0.0019564570663652397
5.653198884749721,0.0019483867483490482
5.659195581678372,0.0019403524275745001
5.665194823283588,0.0019323541082834261
5.671196609358066,0.0019243917947402754
5.67720093969451,0.0019164654912263597
5.6832078140856135,0.0019085752020339857
5.689217232324077,0.0019007209314604104
5.695229194202601,0.0018929026838016773
5.701243699513883,0.001885120463346287
5.707260748050622,0.0018773742743687252
5.713280339605519,0.0018696641211228542
5.719302473971268,0.0018619900078351178
5.725327150940572,0.001854351938697624
5.7313543703061285,0.0018467499178610662
5.737384131860638,0.00183918394942746
5.743416435396796,0.001831654037442767
5.749451280707303,0.001824160185889312
5.75548866758486,0.001816702398678067
5.761528595822163,0.0018092806796407633
5.767571065211911,0.001801895032521834
5.773616075546805,0.0017945454609701874
5.779663626619542,0.00178723196853084
5.785713718222822,0.0017799545586363328
5.791766350149343,0.001772713234598019
5.7978215221918035,0.001765507999597163
5.803879234142904,0.0017583388566758515
5.809939485795343,0.0017512058087277682
5.816002276941818,0.0017441088584887645
5.822067607375029,0.0017370480085272463
5.828135476887675,0.001730023261234429
5.834205885272453,0.001723034618814357
5.840278832322064,0.0017160820832737903
5.846354317829206,0.0017091656564118794
5.852432341586579,0.0017022853398097116
5.85851290338688,0.0016954411348195939
5.864596003022809,0.00168863304255424
5.8706816402870645,0.0016818610638757272
5.876769814972346,0.00167512519938429
5.882860526871353,0.001668425449406929
5.888953775776781,0.0016617618139858404
5.895049561481334,0.0016551342928666619
5.901147883777706,0.0016485428854865387
5.907248742458599,0.001641987590962023
5.91335213731671,0.0016354684080767809
5.9194580681447375,0.0016289853352690932
5.925566534735383,0.0016225383706192581
5.9316775368813435,0.0016161275118367292
5.937791074375319,0.0016097527562471219
5.943907147010007,0.0016034141007790507
5.950025754578106,0.0015971115419507712
5.956146896872316,0.0015908450758566493
5.962270573685338,0.0015846146981534903
5.968396784809867,0.0015784204040466677
5.974525530038605,0.0015722621882760949
5.980656809164247,0.0015661400451020342
5.9867906219794955,0.0015600539682907532
5.992926968277048,0.0015540039511
5.999065847849604,0.001547989986264334
6.00520726048986,0.0015420120659803058
6.011351205990519,0.0015360701818914735
6.017497684144276,0.001530164325073291
6.0236466947438325,0.0015242944860178057
6.029798237581885,0.001518460654618303
6.035952312451135,0.001512662820153691
6.04210891914428,0.0015069009712728558
6.048268057454019,0.0015011750959788577
6.0544297271730505,0.00149548518161295
6.0605939280940735,0.001489831214838556
6.066760660009788,0.0014842131816250718
6.07292992271289,0.0014786310672315957
6.0791017159960825,0.001473084856190517
6.08527603965206,0.0014675745322910308
6.091452893473526,0.0014621000785625287
6.097632277253175,0.0014566614772579618
6.103814190783709,0.00145125870983702
6.109998633857823,0.001445891756949336
6.116185606268221,0.0014405605984175289
6.122375107807599,0.0014352652132202865
6.128567138268657,0.0014300055794752714
6.134761697444092,0.0014247816744220566
6.140958785126605,0.001419593474405008
6.147158401108894,0.001414440954856092
6.153360545183656,0.0014093240902777102
6.159565217143593,0.0014042428542254642
6.165772416781402,0.0013991972192909335
6.171982143889782,0.0013941871570844514
6.178194398261433,0.0013892126382178713
6.1844091796890535,0.001384273632287341
6.19062648796534,0.0013793701078561363
6.196846322882995,0.0013745020324374868
6.203068684234716,0.0013696693724774525
6.209293571813201,0.0013648720933378622
6.21552098541115,0.0013601101592792797
6.2217509248212615,0.0013553835334440992
6.227983389836234,0.0013506921778396555
6.234218380248765,0.0013460360533214602
6.240455895851556,0.0013414151195765129
6.246695936437305,0.001336829335106773
6.252938501798711,0.0013322786572126952
6.259183591728473,0.0013277630419769096
6.265431206019288,0.001323282444248067
6.271681344463857,0.0013188368176248327
6.277934006854878,0.0013144261144400293
6.28418919298505,0.001310050285744969
6.290446902647073,0.001305709281293962
6.2967071356336435,0.0013014030495290309
6.302969891737463,0.0012971315375648457
6.3092351707512275,0.0012928946911738525
6.315502972467638,0.0012886924547716972
6.321773296679393,0.0012845247714027733
6.328046143179191,0.0012803915827262005
6.334321511759731,0.0012762928290019255
6.340599402213712,0.0012722284490771305
6.346879814333832,0.0012681983803730383
6.353162747912792,0.0012642025588718712
6.359448202743288,0.0012602409191042373
6.365736178618022,0.00125631339413682
6.372026675329691,0.0012524199155603427
6.378319692670993,0.0012485604134780104
6.38461523043463,0.0012447348164941583
6.390913288413296,0.0012409430517034356
6.397213866399695,0.0012371850446802708
6.403516964186523,0.0012334607194687517
6.409822581566479,0.0012297699985729413
6.416130718332262,0.0012261128029475742
6.422441374276573,0.0012224890519892558
6.428754549192107,0.0012188986635279927
6.435070242871566,0.001215341553819296
6.441388455107648,0.0012118176375366613
6.447709185693052,0.0012083268277645236
6.454032434420476,0.0012048690359917767
6.460358201082619,0.0012014441721056592
6.466686485472182,0.0011980521443862861
6.473017287381861,0.001194692859501549
6.479350606604356,0.0011913662225026334
6.485686442932367,0.0011880721368200187
6.4920247961585895,0.001184810504260049
6.498365666075727,0.001181581225002001
6.504709052476476,0.0011783841975957572
6.511054955153532,0.0011752193189599877
6.5174033738996,0.0011720864843809157
6.523754308507377,0.001168985587511682
6.53010775876956,0.0011659165203722751
6.53646372447885,0.0011628791733500083
6.542822205427942,0.0011598734352006117
6.54918320140954,0.0011568991930499724
6.55554671221634,0.0011539563323963485
6.561912737641042,0.0011510447371133425
6.568281277476344,0.0011481642894533323
6.574652331514944,0.0011453148700516153
6.581025899549543,0.001142496357931129
6.587401981372838,0.0011397086305077492
6.5937805767775295,0.0011369515635963235
6.600161685556315,0.0011342250314171265
6.606545307501894,0.001131528906603157
6.612931442406967,0.0011288630602078803
6.61932009006423,0.001126227361713659
6.625711250266383,0.001123621679040828
6.632104922806125,0.0011210458785573443
6.638501107476155,0.0011184998250890082
6.644899804069172,0.0011159833819304125
6.651301012377875,0.00111349641085645
6.65770473219496,0.0011110387721343549
6.6641109633131315,0.0011086103245364308
6.670519705525083,0.0011062109253534137
6.676930958623515,0.0011038404304082594
6.683344722401129,0.0011014986940707438
6.689760996650621,0.001099185569272477
6.696179781164691,0.001096900907522542
6.702601075736038,0.001094644558923754
6.70902488015736,0.0010924163721893736
6.715451194221356,0.0010902161946605348
6.721880017720726,0.0010880438723240328
6.728311350448167,0.001085899249830827
6.73474519219638,0.0010837821705149396
6.741181542758061,0.0010816924764129295
6.747620401925912,0.0010796300082838847
6.75406176949263,0.0010775946056299451
6.760505645250913,0.001075586106717171
6.7669520289934635,0.0010736043485971005
6.7734009205129775,0.0010716491671285981
6.779852319602155,0.0010697203970002399
6.786306226053694,0.0010678178717531226
6.792762639660294,0.001065941423804153
6.7992215602146535,0.0010640908844696424
6.805682987509471,0.0010622660839893804
6.8121469213374475,0.0010604668515511503
6.818613361491279,0.001058693015315503
6.825082307763664,0.0010569444024409879
6.8315537599473055,0.0010552208391096409
6.8380277178348985,0.0010535221505529315
6.8445041812191425,0.001051848161077971
6.8509831498927385,0.0010501986940939082
6.857464623648385,0.0010485735721388627
6.863948602278778,0.0010469726169068832
6.870435085576619,0.001045395649275346
6.876924073334606,0.0010438424893324891
6.883415565345437,0.0010423129564052132
6.889909561401813,0.0010408068690871527
6.896406061296432,0.0010393240452667633
6.902905064821992,0.00103786430215586
6.909406571771192,0.001036427456318071
6.915910581936731,0.0010350133236975642
6.922417095111309,0.0010336217196479207
6.928926111087623,0.0010322524589610187
6.935437629658374,0.0010309053558962067
6.94195165061626,0.0010295802242093108
6.94846817375398,0.0010282768771819727
6.954987198864231,0.001026995127650858
6.961508725739715,0.0010257347880369397
6.968032754173129,0.0010244956703748733
6.974559283957172,0.0010232775863423524
6.981088314884543,0.0010220803472894015
6.98761984674794,0.0010209037642677121
6.994153879340063,0.0010197476480598685
7.0006904124536105,0.0010186118092086784
7.007229445881283,0.0010174960580462225
7.013770979415776,0.001016400204722991
7.0203150128497915,0.0010153240592368558
7.026861545976026,0.001014267431461917
7.033410578587181,0.0010132301311773428
7.039962110475953,0.0010122119680958854
7.046516141435043,0.0010112127518924203
7.053072671257147,0.0010102322922321857
7.059631699734966,0.0010092703987990754
7.066193226661198,0.0010083268813234016
7.072757251828543,0.001007401549609771
7.079323775029698,0.0010064942135646245
7.085892796057363,0.0010056046832234687
7.092464314704238,0.0010047327687781043
7.09903833076302,0.0010038782806033831
7.105614844026409,0.0010030410292838651
7.112193854287103,0.0010022208256401303
7.118775361337802,0.0010014174807548113
7.125359364971204,0.001000630805998472
7.131945864980008,0.0009998606130550381
7.138534861156912,0.0009991067139469634
7.145126353294617,0.0009983689210602148
7.15172034118582,0.0009976470471687589
7.158316824623221,0.000996940905458867
7.164915803399518,0.0009962503095530136
7.17151727730741,0.000995575073533457
7.178121246139597,0.0009949150119655222
7.184727709688776,0.000994269939920437
7.191336667747647,0.0009936396729979071
7.19794812010891,0.0009930240273482644
7.204562066565263,0.0009924228196943417
7.211178506909403,0.0009918358673528336
7.217797440934031,0.000991262988255377
7.224418868431845,0.0009907040009693394
7.231042789195544,0.000990158724717927
7.237669203017829,0.000989626979400287
7.244298109691394,0.0009891085856109764
7.250929509008942,0.000988603364659028
7.25756340076317,0.0009881111385868222
7.264199784746779,0.0009876317301882685
7.270838660752465,0.00098716496302689
7.277480028572928,0.0009867106614533082
7.284123888000868,0.0009862686506224272
7.2907702388289835,0.0009858387565100848
7.297419080849972,0.0009854208059294745
7.304070413856533,0.0009850146265470915
7.310724237641367,0.00098462004689814
7.317380551997169,0.0009842368964018508
7.324039356716643,0.0009838650053760163
7.330700651592483,0.000983504205051428
7.337364436417391,0.0009831543275858117
7.344030710984065,0.0009828152060772236
7.350699475085204,0.0009824866745772956
7.357370728513505,0.0009821685681039342
7.36404447106167,0.0009818607226535787
7.370720702522397,0.0009815629752132238
7.3773994226883834,0.0009812751637718927
7.3840806313523295,0.0009809971273318507
7.3907643283069335,0.0009807287059193323
7.397450513344895,0.000980469740594945
7.404139186258911,0.0009802200734636817
7.410830346841682,0.0009799795476844867
7.417523994885908,0.0009797480074796034
7.424220130184285,0.0009795252981433693
7.430918752529513,0.000979311266050783
7.437619861714292,0.0009791057586656597
7.444323457531318,0.0009789086245483765
7.451029539773295,0.0009787197133633387
7.457738108232917,0.0009785388758860407
7.464449162702884,0.0009783659640098764
7.471162702975898,0.000978200830752424
7.477878728844653,0.0009780433302615725
7.484597240101851,0.0009778933178212473
7.491318236540191,0.0009777506498567464
7.49804171795237,0.000977615183939865
7.504767684131088,0.000977486778793579
7.511496134869043,0.000977365294296578
7.518227069958936,0.000977250591487285
7.524960489193464,0.0009771425325676903
7.531696392365324,0.0009770409809069316
7.53843477926722,0.0009769458010444154
7.545175649691848,0.0009768568586928249
7.551919003431906,0.0009767740207407582
7.558664840280095,0.0009766971552549665
7.565413160029112,0.0009766261314826561
7.572163962471657,0.000976560819853118
7.578917247400428,0.0009765010919793446
7.5856730146081235,0.0009764468206593577
7.592431263887445,0.0009763978798771754
7.599191995031087,0.0009763541448036786
7.6059552078317525,0.0009763154917970345
7.612720902082139,0.0009762817984031762
7.619489077574944,0.0009762529433556561
7.626259734102868,0.000976228806575688
7.633032871458611,0.0009762092691716603
7.639808489434869,0.000976194213438513
7.646586587824342,0.000976183522856982
7.65336716641973,0.000976177082092551
7.66015022501373,0.0009761747769942206
7.666935763399042,0.0009761764945931161
7.673723781368365,0.0009761821231007307
7.680514278714398,0.000976191551907381
7.687307255229837,0.0009762046715799231
7.694102710707385,0.0009762213738597756
7.700900644939739,0.0009762415516604849
7.707701057719596,0.0009762650990652644
7.71450394883966,0.0009762919113242887
7.721309318092626,0.0009763218848518094
7.728117165271192,0.0009763549172232568
7.73492749016806,0.0009763909071720306
7.741740292575927,0.0009764297545861795
7.748555572287493,0.0009764713605050684
7.755373329095455,0.0009765156271156772
7.762193562792514,0.0009765624577490202
7.769016273171367,0.0009766117568762434
7.775841460024712,0.0009766634301046578
7.782669123145252,0.000976717384173698
7.789499262325683,0.0009767735269506864
7.796331877358703,0.0009768317674266175
7.803166968037013,0.0009768920157115777
7.810004534153312,0.0009769541830303512
7.816844575500298,0.000977018181717851
7.823687091870668,0.0009770839252141697
7.830532083057125,0.0009771513280600406
7.837379548852364,0.0009772203058917494
7.844229489049086,0.0009772907754362246
7.851081903439989,0.0009773626545059415
7.857936791817772,0.000977435861993785
7.864794153975134,0.0009775103178678336
7.8716539897047735,0.000977585943166037
7.878516298799391,0.0009776626599908849
7.8853810810516825,0.0009777403915039035
7.89224833625435,0.0009778190619202719
7.899118064200091,0.000977898596503208
7.905990264681603,0.000977978921558298
7.912864937491587,0.0009780599644279445
7.919742082422742,0.0009781416534855917
7.9266216992677645,0.0009782239181299675
7.933503787819355,0.0009783066887792558
7.940388347870212,0.0009783898968652603
7.947275379213034,0.0009784734748275758
7.954164881640521,0.000978557356107527
7.9610568549453715,0.0009786414751423293
7.967951298920284,0.000978725767359009
7.974848213357957,0.0009788101691683988
7.981747598051089,0.000978894617959176
7.988649452792382,0.0009789790520915945
7.99555377737453,0.0009790634108915773
8.002460571590237,0.000979147634644396
8.0093698352322,0.0009792316645887353
8.016281568093115,0.0009793154429103953
8.023195769965684,0.0009793989127361382
8.030112440642604,0.00097948201812753
8.037031579916574,0.00097956470407467
8.043953187580296,0.0009796469164901306
8.050877263426464,0.0009797286022025875
8.057803807247781,0.0009798097089506205
8.064732818836944,0.0009798901853766003
8.071664297986652,0.000979969981020291
8.078598244489605,0.0009800490463127817
8.0855346581385,0.0009801273325701274
8.092473538726038,0.0009802047919871555
8.099414886044915,0.0009802813776313784
8.106358699887833,0.0009803570434364648
8.113304980047488,0.0009804317441964136
8.120253726316582,0.0009805054355589576
8.127204938487811,0.0009805780740196864
8.134158616353876,0.0009806496169156927
8.141114759707474,0.0009807200224193878
8.148073368341304,0.0009807892495324148
8.155034442048066,0.0009808572580794516
8.161997980620459,0.0009809240087020569
8.168963983851182,0.0009809894628526126
8.175932451532933,0.0009810535827881521
8.18290338345841,0.0009811163315642459
8.189876779420315,0.000981177673029071
8.196852639211341,0.0009812375718171783
8.203830962624195,0.0009812959933436138
8.210811749451569,0.0009813529037977955
8.217794999486165,0.0009814082701376464
8.224780712520683,0.0009814620600834712
8.231768888347817,0.0009815142421120708
8.238759526760273,0.0009815647854509325
8.245752627550742,0.000981613660072175
8.25274819051193,0.0009816608366867764
8.25974621543653,0.0009817062867386126
8.266746702117246,0.0009817499823988345
8.273749650346772,0.000981791896559823
8.280755059917812,0.000981832002829652
8.287762930623062,0.0009818702755261966
8.29477326225522,0.0009819066896714467
8.301786054606987,0.0009819412209858677
8.308801307471057,0.0009819738458827078
8.315819020640136,0.0009820045414624136
8.322839193906919,0.0009820332855069351
8.329861827064105,0.000982060056474216
8.336886919904394,0.0009820848334927536
8.343914472220483,0.0009821075963558482
8.350944483805073,0.0009821283255164444
8.357976954450862,0.0009821470020813401
8.365011883950547,0.0009821636078059662
8.372049272096833,0.0009821781250890927
8.37908911868241,0.0009821905369672222
8.386131423499984,0.000982200827109461
8.39317618634225,0.0009822089798121384
8.400223407001908,0.0009822149799935934
8.407273085271656,0.000982218813188893
8.414325220944196,0.0009822204655446723
8.421379813812225,0.0009822199238140072
8.42843686366844,0.0009822171753511638
8.435496370305543,0.0009822122081066629
8.44255833351623,0.0009822050106220433
8.4496227530932,0.0009821955720249749
8.456689628829157,0.0009821838820241841
8.463758960516794,0.0009821699309043627
8.47083074794881,0.0009821537095215248
8.477904990917907,0.000982135209297747
8.484981689216783,0.0009821144222166732
8.492060842638136,0.0009820913408182194
8.499142450974665,0.0009820659581942243
8.50622651401907,0.0009820382679833644
8.51331303156405,0.0009820082643664902
8.520402003402301,0.00098197594206189
8.527493429326524,0.0009819412963207148
8.534587309129417,0.0009819043229221415
8.541683642603683,0.000981865018168906
8.548782429542014,0.0009818233788826227
8.555883669737115,0.0009817794023993054
8.56298736298168,0.000981733086564672
8.57009350906841,0.00098168442972985
8.577202107790006,0.0009816334307468082
8.584313158939162,0.000981580088963932
8.591426662308583,0.0009815244042215114
8.598542617690962,0.0009814663768475877
8.605661024879,0.0009814060076533573
8.612781883665397,0.0009813432979290657
8.619905193842852,0.0009812782494395694
8.627030955204063,0.000981210864420101
8.634159167541727,0.0009811411455721028
8.641289830648546,0.0009810690960589934
8.648422944317216,0.0009809947195018578
8.655558508340441,0.0009809180199755658
8.662696522510915,0.0009808390020044407
8.669836986621338,0.000980757670558185
8.676979900464408,0.0009806740310479014
8.684125263832826,0.000980588089322023
8.69127307651929,0.0009804998516622502
8.698423338316497,0.000980409324779685
8.705576049017148,0.0009803165158106587
8.712731208413944,0.0009802214323129316
8.719888816299578,0.0009801240822620474
8.727048872466755,0.0009800244740467978
8.73421137670817,0.0009799226164660315
8.741376328816523,0.0009798185187244277
8.748543728584512,0.000979712190428844
8.755713575804839,0.0009796036415844283
8.7628858702702,0.0009794928825909823
8.770060611773292,0.0009793799242391688
8.777237800106816,0.0009792647777067474
8.784417435063476,0.000979147454554944
8.79159951643596,0.0009790279667247295
8.798784044016978,0.0009789063265333632
8.80597101759922,0.0009787825466703614
8.81316043697539,0.000978656640194348
8.820352301938186,0.0009785286205292437
8.827546612280306,0.0009783985014606804
8.834743367794449,0.0009782662971325568
8.841942568273316,0.0009781320220434684
8.849144213509604,0.0009779956910432894
8.856348303296008,0.0009778573193294456
8.863554837425234,0.0009777169224439153
8.870763815689976,0.0009775745162692278
8.877975237882938,0.0009774301170255484
8.88518910379681,0.0009772837412668363
8.892405413224301,0.0009771354058779067
8.899624165958102,0.0009769851280707117
8.906845361790916,0.0009768329253810133
8.914069000515441,0.0009766788156653494
8.921295081924375,0.0009765228170973972
8.928523605810419,0.0009763649481648576
8.93575457196627,0.000976205227666006
8.942987980184627,0.0009760436747065973
8.950223830258189,0.0009758803086966252
8.957462121979658,0.000975715149346838
8.964702855141724,0.0009755482166658348
8.971946029537097,0.0009753795309566309
8.979191644958467,0.0009752091128135467
8.98643970119854,0.000975036983119154
8.99369019805001,0.0009748631630407726
9.000943135305576,0.0009746876740276922
9.00819851275794,0.0009745105378078441
9.015456330199799,0.0009743317763847038
9.02271658742385,0.0009741514120341503
9.029979284222797,0.0009739694673014223
9.037244420389333,0.0009737859649980304
9.04451199571616,0.000973600928198545
9.051782009995977,0.0009734143802378211
9.05905446302148,0.0009732263447076101
9.066329354585374,0.0009730368454537271
9.073606684480353,0.0009728459065729454
9.080886452499117,0.0009726535524099346
9.088168658434363,0.0009724598075543984
9.095453302078791,0.0009722646968378601
9.102740383225102,0.0009720682453308191
9.110029901665994,0.0009718704783396234
9.117321857194165,0.0009716714214037733
9.124616249602315,0.0009714711002926279
9.131913078683139,0.0009712695410024951
9.13921234422934,0.0009710667697538543
9.146514046033618,0.0009708628129883271
9.153818183888665,0.000970657697365708
9.16112475758719,0.0009704514497609877
9.168433766921883,0.0009702440972614076
9.175745211685449,0.0009700356671638261
9.18305909167058,0.000969826186971366
9.190375406669983,0.00096961568439084
9.19769415647635,0.0009694041873296975
9.205015340882385,0.0009691917238931854
9.212338959680782,0.0009689783223813556
9.219665012664244,0.0009687640112862608
9.226993499625468,0.0009685488192892031
9.23432442035715,0.0009683327752574292
9.241657774652,0.0009681159082418184
9.2489935623027,0.0009678982474735515
9.256331783101965,0.000967679822361453
9.263672436842482,0.0009674606624890193
9.271015523316958,0.0009672407976118193
9.278361042318084,0.0009670202576542045
9.285708993638567,0.000966799072706813
9.293059377071101,0.0009665772730234995
9.300412192408386,0.0009663548890187208
9.30776743944312,0.0009661319512643275
9.315125117968005,0.0009659084904870314
9.322485227775736,0.0009656845375654734
9.329847768659013,0.0009654601235272688
9.33721274041054,0.0009652352795462466
9.344580142823004,0.0009650100369396427
9.351949975689118,0.0009647844271652141
9.35932223880157,0.0009645584818183042
9.366696931953063,0.0009643322326291987
9.374074054936296,0.0009641057114600698
9.381453607543968,0.0009638789503024208
9.388835589568778,0.0009636519812736536
9.396220000803423,0.0009634248366152103
9.403606841040604,0.0009631975486886515
9.41099611007302,0.0009629701499735232
9.41838780769337,0.000962742673064307
9.425781933694346,0.0009625151506674961
9.433178487868659,0.0009622876155988351
9.440577470008996,0.0009620601007804898
9.447978879908067,0.0009618326392380668
9.455382717358562,0.0009616052640980019
9.462788982153187,0.0009613780085844339
9.470197674084632,0.0009611509060164905
9.477608792945603,0.0009609239898055113
9.485022338528797,0.0009606972934519345
9.492438310626914,0.0009604708505428321
9.49985670903265,0.0009602446947485789
9.507277533538707,0.0009600188598203279
9.51470078393778,0.0009597933795870542
9.522126460022571,0.0009595682879525158
9.52955456158578,0.0009593436188928468
9.5369850884201,0.0009591194064530482
9.544418040318238,0.0009588956847445942
9.551853417072884,0.0009586724879423903
9.559291218476748,0.0009584498502818783
9.566731444322516,0.0009582278060559986
9.574174094402895,0.0009580063896128202
9.581619168510585,0.0009577856353518708
9.58906666643828,0.0009575655777221024
9.59651658797868,0.0009573462512181968
9.603968932924486,0.0009571276903782251
9.611423701068395,0.0009569099297804822
9.618880892203107,0.0009566930040406348
9.626340506121322,0.0009564769478089258
9.633802542615731,0.0009562617957670013
9.641267001479047,0.0009560475826253079
9.648733882503956,0.0009558343431198974
9.656203185483164,0.0009556221120097928
9.663674910209366,0.0009554109240736802
9.671149056475265,0.0009552008141074568
9.678625624073556,0.0009549918169207619
9.686104612796939,0.0009547839673346253
9.693586022438113,0.0009545773001781152
9.701069852789779,0.0009543718502855389
9.708556103644632,0.0009541676524933381
9.716044774795373,0.0009539647416375026
9.723535866034704,0.0009537631525503736
9.731029377155314,0.0009535629200577322
9.738525307949915,0.0009533640789758438
9.746023658211195,0.0009531666641084107
9.75352442773186,0.0009529707102441046
9.761027616304604,0.0009527762521527848
9.768533223722129,0.0009525833245831903
9.776041249777132,0.0009523919622598501
9.783551694262313,0.0009522021998799031
9.791064556970372,0.0009520140721104532
9.798579837694005,0.0009518276135852992
9.806097536225911,0.0009516428589021411
9.81361765235879,0.0009514598426196175
9.821140185885346,0.000951278599254194
9.828665136598266,0.0009510991632774593
9.836192504290262,0.0009509215691129104
9.843722288754023,0.00095074585113299
9.851254489782255,0.0009505720436562403
9.858789107167647,0.0009504001809444095
9.86632614070291,0.0009502302971993085
9.873865590180733,0.0009500624265597013
9.881407455393822,0.0009498966030988956
9.888951736134873,0.000949732860821001
9.896498432196584,0.000949571233658676
9.904047543371654,0.0009494117554696354
9.911599069452782,0.0009492544600341724
9.91915301023267,0.0009490993810515599
9.92670936550401,0.0009489465521378222
9.93426813505951,0.0009487960068222636
9.941829318691859,0.0009486477785445385
9.949392916193764,0.0009485019006520851
9.956958927357919,0.0009483584063965804
9.964527351977027,0.0009482173289316751
9.972098189843782,0.0009480787013093869
9.979671440750888,0.0009479425564776837
9.987247104491038,0.0009478089272772475
9.994825180856937,0.0009476778464386189
10.002405669641279,0.0009475493465793167
10.009988570636763,0.0009474234602008385
10.017573883636095,0.0009473002196858573
10.025161608431963,0.0009471796572950745
10.032751744817077,0.0009470618051647214
10.040344292584125,0.0009469466953033309
10.047939251525815,0.0009468343595887076
10.05553662143484,0.0009467248297654687
10.0631364021039,0.0009466181374420898
10.070738593325698,0.0009465143140876327
10.078343194892927,0.0009464133910291907
10.08595020659829,0.0009463153994492083
10.093559628234482,0.0009462203703823161
10.101171459594207,0.0009461283347124903
10.108785700470158,0.0009460393231704741
10.11640235065504,0.0009459533663306967
10.124021409941548,0.0009458704946088084
10.131642878122383,0.0009457907382584295
10.13926675499024,0.0009457141273686737
10.146893040337822,0.0009456406918613081
10.154521733957825,0.0009455704614880438
10.162152835642951,0.0009455034658276892
10.169786345185898,0.0009454397342832919
10.17742226237936,0.0009453792960797779
10.185060587016045,0.0009453221802608755
10.192701318888643,0.0009452684156866143
10.200344457789859,0.0009452180310306713
10.207990003512386,0.0009451710547772739
10.21563795584893,0.000945127515219375
10.223288314592182,0.0009450874404551816
10.230941079534851,0.0009450508583857918
10.238596250469625,0.000945017796713096
10.246253827189209,0.0009449882829361783
10.253913809486301,0.0009449623443497603
10.2615761971536,0.0009449400080408686
10.269240989983805,0.0009449213008869462
10.276908187769612,0.0009449062495526198
10.284577790303723,0.0009448948804877188
10.292249797378838,0.0009448872199247466
10.299924208787653,0.0009448832938762041
10.307601024322866,0.000944883128132225
10.315280243777181,0.0009448867482580377
10.32296186694329,0.0009448941795921394
10.330645893613898,0.0009449054472428784
10.3383323235817,0.0009449205760870001
10.346021156639395,0.0009449395907669617
10.353712392579684,0.0009449625156883847
10.361406031195266,0.0009449893750183434
10.369102072278839,0.0009450201926824636
10.3768005156231,0.0009450549923630262
10.384501361020751,0.0009450937974967242
10.392204608264487,0.000945136631272193
10.399910257147011,0.00094518351662837
10.407618307461018,0.0009452344762517223
10.415328758999214,0.0009452895325743548
10.423041611554286,0.0009453487077721729
10.430756864918948,0.0009454120237625734
10.438474518885883,0.0009454795022022563
10.4461945732478,0.0009455511644853266
10.453917027797395,0.0009456270317415647
10.46164188232737,0.0009457071248340594
10.46936913663042,0.0009457914643572743
10.477098790499243,0.0009458800706357326
10.48483084372654,0.0009459729637212134
10.492565296105012,0.0009460701633916527
10.500302147427353,0.0009461716891489984
10.508041397486265,0.0009462775602174563
10.515783046074448,0.0009463877955417954
10.523527092984596,0.0009465024137853983
10.531273538009415,0.0009466214333290208
10.539022380941597,0.0009467448722684874
10.546773621573845,0.0009468727484135402
10.554527259698856,0.0009470050792861347
10.562283295109332,0.0009471418821188739
10.570041727597967,0.000947283173853126
10.577802556957462,0.0009474289711381774
10.585565782980517,0.00094757929032894
10.59333140545983,0.0009477341474853863
10.6010994241881,0.000947893558370442
10.608869838958023,0.0009480575384490937
10.616642649562305,0.0009482261028865238
10.624417855793638,0.0009483992665474405
10.632195457444727,0.0009485770439942705
10.639975454308262,0.0009487594494862437
10.64775784617695,0.0009489464969780449
10.655542632843487,0.0009491382001186396
10.663329814100571,0.0009493345722504763
10.6711193897409,0.0009495356264078603
10.678911359557176,0.0009497413753161549
10.686705723342099,0.0009499518313908424
10.694502480888364,0.0009501670067366578
10.70230163198867,0.0009503869131461466
10.710103176435718,0.0009506115620992447
10.717907114022207,0.0009508409647622476
10.72571344454083,0.0009510751319868986
10.733522167784296,0.0009513140743096006
10.741333283545297,0.000951557801950851
10.749146791616534,0.0009518063248143112
10.756962691790704,0.0009520596524862516
10.764780983860508,0.0009523177942346915
10.772601667618643,0.0009525807590093207
10.78042474285781,0.0009528485554401742
10.788250209370707,0.0009531211918376197
10.796078066950033,0.0009533986761918913
10.803908315388487,0.0009536810161723472
10.811740954478763,0.0009539682191273143
10.81957598401357,0.0009542602920833664
10.827413403785597,0.0009545572417455696
10.83525321358755,0.0009548590744964832
10.843095413212122,0.0009551657963965157
10.850940002452017,0.0009554774131833606
10.85878698109993,0.0009557939302719947
10.866636348948564,0.0009561153527541379
10.874488105790613,0.0009564416853987682
10.88234225141878,0.0009567729326517004
10.890198785625762,0.0009571090986354062
10.898057708204256,0.0009574501871494406
10.905919018946964,0.0009577962016701496
10.913782717646583,0.0009581471453511003
10.921648804095815,0.0009585030210225302
10.929517278087355,0.000958863831192459
10.937388139413903,0.0009592295780462722
10.945261387868157,0.0009596002634469965
10.953137023242821,0.0009599758889357201
10.961015045330587,0.0009603564557321021
10.968895453924159,0.0009607419647342319
10.976778248816233,0.0009611324165194237
10.984663429799507,0.0009615278113446499
10.992550996666681,0.0009619281491466795
11.000440949210457,0.0009623334295429844
11.008333287223529,0.0009627436518319884
11.016228010498597,0.0009631588149939358
11.024125118828366,0.0009635789176910722
11.032024612005525,0.0009640039582687408
11.039926489822781,0.0009644339347559904
11.047830752072826,0.0009648688448661091
11.055737398548365,0.0009653086859973597
11.063646429042095,0.0009657534552343375
11.071557843346712,0.0009662031493479945
11.079471641254917,0.0009666577647970008
11.08738782255941,0.0009671172977286184
11.09530638705289,0.0009675817439796893
11.103227334528054,0.0009680510990773387
11.1111506647776,0.0009685253582401106
11.119076377594228,0.0009690045163793643
11.127004472770638,0.0009694885680995557
11.13493495009953,0.0009699775077004399
11.1428678093736,0.0009704713291771292
11.150803050385544,0.0009709700262219951
11.158740672928069,0.0009714735922255762
11.16668067679387,0.000971982020277931
11.174623061775645,0.0009724953031698099
11.182567827666093,0.0009730134333941955
11.190514974257912,0.0009735364031471511
11.198464501343803,0.0009740642043300037
11.206416408716464,0.0009745968285497036
11.214370696168594,0.0009751342671212948
11.22232736349289,0.0009756765110685402
11.230286410482057,0.0009762235511258094
11.238247836928785,0.0009767753777397887
11.24621164262578,0.000977331981070486
11.254177827365735,0.0009778933509933935
11.262146390941355,0.0009784594771005488
11.270117333145334,0.0009790303487027137
11.278090653770375,0.0009796059548303608
11.286066352609174,0.0009801862842362152
11.29404442945443,0.0009807713253960353
11.302024884098845,0.0009813610665112596
11.310007716335113,0.000981955495509994
11.317992925955934,0.0009825546000494711
11.32598051275401,0.0009831583675171832
11.333970476522037,0.0009837667850331473
11.341962817052714,0.000984379839452086
11.349957534138744,0.0009849975173645204
11.357954627572818,0.0009856198050991526
11.365954097147641,0.000986246688725049
11.373955942655911,0.0009868781540528153
11.381960163890328,0.0009875141866374363
11.389966760643585,0.0009881547717796387
11.397975732708389,0.0009887998945286207
11.405987079877432,0.000989449539683071
11.414000801943418,0.0009901036917939832
11.422016898699042,0.0009907623351670064
11.430035369937002,0.000991425453863509
11.438056215450002,0.0009920930317035678
11.446079435030736,0.0009927650522677963
11.45410502847191,0.000993441498899615
11.462132995566213,0.000994122354707406
11.470163336106351,0.0009948076025663893
11.47819604988502,0.0009954972251215387
11.486231136694919,0.0009961912047890568
11.494268596328748,0.000996889523759076
11.502308428579205,0.0009975921639978052
11.510350633238987,0.0009982991072497785
11.518395210100797,0.0009990103350401122
11.526442158957334,0.0009997258286769597
11.53449147960129,0.0010004455692535304
11.542543171825372,0.001001169537650822
11.550597235422273,0.0010018977145398633
11.558653670184698,0.001002630080383585
11.566712475905339,0.001003366615440166
11.574773652376898,0.001004107299763995
11.582837199392076,0.0010048521132099094
11.590903116743569,0.0010056010354337554
11.598971404224077,0.0010063540458962249
11.607042061626297,0.001007111123864499
11.61511508874293,0.001007872248414666
11.623190485366674,0.0010086373984349625
11.63126825129023,0.001009406552626622
11.639348386306292,0.001010179689508908
11.647430890207566,0.0010109567874186918
11.655515762786743,0.0010117378245148925
11.66360300383653,0.0010125227787805768
11.671692613149618,0.0010133116280247548
11.67978459051871,0.001014104349885589
11.687878935736503,0.0010149009218328798
11.695975648595699,0.0010157013211702026
11.704074728888994,0.001016505525037821
11.71217617640909,0.0010173135104144472
11.720279990948683,0.0010181252541211947
11.72838617230047,0.0010189407328225774
11.736494720257154,0.0010197599230301283
11.744605634611432,0.001020582801104449
11.752718915156006,0.001021409343257904
11.760834561683568,0.0010222395255567811
11.768952573986825,0.0010230733239248487
11.777072951858468,0.0010239107141444847
11.7851956950912,0.0010247516718605854
11.793320803477723,0.0010255961725826118
11.80144827681073,0.0010264441916867928
11.809578114882923,0.0010272957044188656
11.817710317487,0.0010281506858971518
11.82584488441566,0.0010290091111145208
11.833981815461602,0.0010298709549412804
11.842121110417525,0.0010307361921276215
11.850262769076128,0.0010316047973059914
11.858406791230111,0.0010324767449943087
11.866553176672166,0.0010333520095978136
11.874701925195003,0.0010342305654117369
11.882853036591312,0.001035112386624618
11.891006510653796,0.0010359974473195701
11.899162347175153,0.0010368857214780782
11.907320545948082,0.0010377771829822124
11.915481106765283,0.0010386718056163676
11.92364402941945,0.0010395695630708828
11.931809313703289,0.0010404704289440666
11.93997695940949,0.0010413743767451896
11.948146966330764,0.0010422813798961982
11.956319334259797,0.0010431914117350238
11.9644940629893,0.0010441044455178957
11.972671152311959,0.0010450204544219081
11.980850602020485,0.001045939411547271
11.98903241190757,0.0010468612899198445
11.997216581765912,0.0010477860624946269
12.005403111388215,0.0010487137021567778
12.013592000567174,0.0010496441817251798
12.02178324909549,0.0010505774739549187
12.02997685676586,0.0010515135515387368
12.038172823370983,0.0010524523871112712
12.046371148703559,0.0010533939532496107
12.054571832556288,0.001054338222477819
12.062774874721864,0.0010552851672673692
12.070980274992994,0.0010562347600410193
12.079188033162367,0.0010571869731750216
12.087398149022691,0.0010581417790012696
12.095610622366658,0.0010590991498098748
12.103825452986971,0.0010600590578517322
12.112042640676329,0.0010610214753409295
12.120262185227428,0.0010619863744571413
12.128484086432968,0.0010629537273480194
12.136708344085648,0.0010639235061317448
12.144934957978167,0.0010648956828994748
12.153163927903222,0.0010658702297172554
12.16139525365352,0.0010668471186293484
12.169628935021747,0.0010678263216599164
12.177864971800615,0.0010688078108154187
12.186103363782811,0.0010697915580873483
12.194344110761042,0.0010707775354544327
12.202587212528002,0.0010717657148851005
12.210832668876392,0.0010727560683396426
12.219080479598913,0.0010737485677726098
12.22733064448826,0.0010747431851352747
12.235583163337136,0.001075739892377976
12.243838035938236,0.00107673866145238
12.25209526208426,0.001077739464313841
12.260354841567908,0.0010787422729233254
12.26861677418188,0.0010797470592507847
12.276881059718868,0.0010807537952760911
12.28514769797158,0.0010817624529923888
12.293416688732707,0.0010827730044073998
12.301688031794956,0.0010837854215470745
12.309961726951018,0.0010847996764567081
12.318237773993598,0.0010858157412030776
12.32651617271539,0.0010868335878777024
12.334796922909096,0.0010878531885985937
12.343080024367415,0.0010888745155120028
12.351365476883045,0.0010898975407951732
12.359653280248683,0.0010909222366588657
12.367943434257029,0.001091948575348711
12.376235938700784,0.001092976529148034
12.384530793372646,0.0010940060703798474
12.392827998065313,0.0010950371714091715
12.40112755257148,0.0010960698046448333
12.409429456683855,0.0010971039425422431
12.417733710195128,0.0010981395576048878
12.426040312898005,0.0010991766223870923
12.43434926458518,0.0011002151094956297
12.442660565049353,0.0011012549915925456
12.450974214083226,0.0011022962413962506
12.459290211479491,0.0011033388316848453
12.467608557030854,0.0011043827352970942
12.475929250530008,0.0011054279251355873
12.484252291769659,0.0011064743741679556
12.492577680542498,0.001107522055429524
12.500905416641231,0.0011085709420252101
12.509235499858548,0.0011096210071313403
12.517567929987159,0.001110672223998285
12.525902706819753,0.0011117245659522936
12.534239830149035,0.0011127780063971513
12.5425792997677,0.0011138325188164943
12.550921115468453,0.001114888076776353
12.559265277043984,0.0011159446539263636
12.567611784287,0.0011170022240023026
12.575960636990194,0.0011180607608278583
12.584311834946268,0.001119120238316836
12.592665377947922,0.0011201806304752442
12.60102126578785,0.0011212419114026324
12.609379498258756,0.0011223040552951443
12.617740075153334,0.0011233670364465256
12.626102996264288,0.0011244308292508427
12.634468261384312,0.0011254954082037779
12.64283587030611,0.0011265607479053665
12.651205822822376,0.0011276268230612774
12.659578118725813,0.0011286936084850784
12.667952757809116,0.0011297610790999813
12.67632973986499,0.0011308292099412246
12.684709064686125,0.0011318979761578616
12.693090732065226,0.001132967353013894
12.701474741794991,0.0011340373158914572
12.709861093668115,0.001135107840292087
12.718249787477305,0.001136178901838451
12.726640823015252,0.0011372504762767097
12.735034200074661,0.001138322539478272
12.743429918448225,0.001139395067441313
12.751827977928645,0.0011404680362934023
12.760228378308623,0.001141541422292748
12.768631119380856,0.001142615201830369
12.77703620093804,0.001143689351431976
12.785443622772876,0.0011447638477598133
12.793853384678066,0.001145838667614596
12.802265486446302,0.0011469137879369657
12.81067992787029,0.0011479891858102588
12.819096708742721,0.001149064838461194
12.827515828856303,0.0011501407232628856
12.835937288003729,0.0011512168177356728
12.8443610859777,0.0011522930995501196
12.852787222570912,0.0011533695465272486
12.861215697576068,0.0011544461366421916
12.869646510785863,0.0011555228480248383
12.878079661992999,0.001156599658961628
12.886515150990174,0.0011576765478984005
12.894952977570087,0.0011587534934410356
12.903393141525434,0.001159830474358342
12.911835642648917,0.0011609074695829967
12.920280480733236,0.0011619844582134889
12.928727655571086,0.001163061419516884
12.93717716695517,0.0011641383329293086
12.945629014678183,0.0011652151780588728
12.954083198532825,0.001166291934686528
12.962539718311795,0.0011673685827687781
12.970998573807792,0.0011684451024389193
12.979459764813518,0.0011695214740087244
12.987923291121668,0.0011705976779710216
12.99638915252494,0.0011716736950006191
13.004857348816039,0.0011727495059565972
13.013327879787655,0.001173825091884011
13.021800745232492,0.0011749004340157296
13.030275944943252,0.0011759755137739259
13.038753478712627,0.0011770503127727138
13.047233346333321,0.0011781248128185273
13.055715547598028,0.0011791989959134199
13.064200082299456,0.0011802728442561034
13.072686950230292,0.0011813463402435894
13.081176151183243,0.0011824194664734394
13.089667684951005,0.001183492205745232
13.098161551326276,0.001184564541062579
13.106657750101759,0.0011856364556346746
13.11515628107015,0.0011867079328784053
13.123657144024145,0.0011877789564199177
13.132160338756448,0.001188849510096754
13.140665865059756,0.0011899195779588017
13.149173722726767,0.0011909891442709896
13.157683911550182,0.001192058193515057
13.166196431322696,0.0011931267103903703
13.174711281837013,0.0011941946798170438
13.183228462885825,0.001195262086936759
13.191747974261835,0.0011963289171151113
13.200269815757746,0.0011973951559429155
13.208793987166251,0.0011984607892388777
13.21732048828005,0.0011995258030503937
13.225849318891843,0.001200590183655779
13.234380478794328,0.001201653917566172
13.242913967780202,0.0012027169915276182
13.251449785642171,0.0012037793925221705
13.259987932172924,0.0012048411077699981
13.268528407165169,0.0012059021247317408
13.277071210411597,0.0012069624311095227
13.285616341704912,0.0012080220148490833
13.294163800837811,0.0012090808641416748
13.302713587602996,0.0012101389674264626
13.311265701793161,0.0012111963133908162
13.319820143201008,0.0012122528909737204
13.328376911619232,0.0012133086893665972
13.336936006840538,0.0012143636980156151
13.34549742865762,0.0012154179066236476
13.354061176863178,0.001216471305151803
13.362627251249915,0.001217523883821135
13.371195651610522,0.001218575633115278
13.379766377737704,0.0012196265437808052
13.388339429424155,0.0012206766068310268
13.396914806462583,0.0012217258135464072
13.405492508645676,0.0012227741554767491
13.414072535766138,0.0012238216244435346
13.42265488761667,0.001224868212540857
13.431239563989966,0.001225913912138721
13.439826564678729,0.0012269587158835874
13.448415889475653,0.0012280026167008956
13.457007538173443,0.0012290456077962016
13.465601510564793,0.0012300876826589684
13.474197806442406,0.0012311288350619332
13.482796425598975,0.0012321690590649484
13.491397367827206,0.0012332083490158182
13.500000632919791,0.0012342466995528716
13.508606220669439,0.0012352841056064896
13.517214130868835,0.0012363205624004833
13.525824363310686,0.0012373560654558666
13.534436917787692,0.001238390610590205
13.543051794092548,0.0012394241939219226
13.551668992017957,0.0012404568118707594
13.560288511356614,0.0012414884611600444
13.568910351901218,0.001242519138818934
13.577534513444467,0.0012435488421839534
13.586160995779068,0.00124457756890144
13.59478979869771,0.0012456053169289441
13.603420921993099,0.001246632084537714
13.612054365457926,0.0012476578703141097
13.620690128884899,0.0012486826731621077
13.629328212066708,0.0012497064923048854
13.63796861479606,0.0012507293272874269
13.646611336865648,0.0012517511779769005
13.655256378068175,0.0012527720445669474
13.663903738196337,0.0012537919275781605
13.672553417042835,0.0012548108278601945
13.681205414400363,0.001255828746593984
13.689859730061626,0.0012568456852941967
13.698516363819321,0.0012578616458104256
13.707175315466145,0.001258876630329607
13.715836584794799,0.001259890641378388
13.724500171597978,0.0012609036818246083
13.733166075668388,0.0012619157548790516
13.741834296798721,0.0012629268640989516
13.750504834781678,0.0012639370133881824
13.759177689409961,0.001264946207000413
13.767852860476266,0.0012659544495411464
13.776530347773292,0.0012669617459688724
13.785210151093736,0.0012679681015988844
13.793892270230302,0.001268973522103127
13.802576704975682,0.0012699780135140713
13.811263455122583,0.0012709815822257227
13.819952520463696,0.0012719842349963248
13.828643900791725,0.0012729859789500759
13.837337595899367,0.001273986821579443
13.846033605579324,0.0012749867707468694
13.854731929624288,0.0012759858346874356
13.863432567826964,0.001276984022010429
13.872135519980048,0.001277981341701838
13.88084078587624,0.0012789778031260266
13.889548365308238,0.0012799734160284203
13.898258258068743,0.0012809681905373235
13.90697046395045,0.0012819621371657239
13.91568498274606,0.001282955266814056
13.924401814248275,0.0012839475907713415
13.93312095824979,0.0012849391207188907
13.941842414543304,0.0012859298687308187
13.950566182921516,0.0012869198472769856
13.959292263177128,0.0012879090692251842
13.968020655102832,0.001288897547842742
13.976751358491335,0.001289885296799522
13.985484373135328,0.0012908723301693356
13.99421969882752,0.001291858662432125
14.0029573353606,0.0012928443084761518
14.011697282527273,0.001293829283601112
14.020439540120233,0.001294813603518625
14.02918410793218,0.0012957972843557245
14.03793098575582,0.0012967803426563403
14.046680173383841,0.0012977627953838018
14.05543167060895,0.0012987446599225755
14.064185477223843,0.0012997259540809395
14.072941593021218,0.001300706696092598
14.081700017793773,0.0013016869046198118
14.09046075133421,0.0013026665987540442
14.099223793435227,0.0013036457980197401
14.107989143889522,0.0013046245223749652
14.116756802489794,0.0013056027922148015
14.125526769028742,0.0013065806283733058
14.134299043299068,0.0013075580521245912
14.143073625093463,0.001308535085186804
14.151850514204634,0.001309511749722331
14.160629710425273,0.0013104880683415504
14.169411213548086,0.0013114640641040977
14.178195023365765,0.001312439760521202
14.186981139671017,0.0013134151815580725
14.19576956225653,0.001314390351636394
14.204560290915014,0.00131536529563484
14.21335332543916,0.0013163400388931836
14.22214866562167,0.0013173146072134475
14.230946311255243,0.0013182890268621764
14.239746262132579,0.0013192633245726875
14.248548518046373,0.001320237527546898
14.257353078789324,0.0013212116634582255
14.266159944154138,0.001322185760452587
14.274969113933505,0.001323159847151644
14.283780587920132,0.0013241339526536928
14.292594365906709,0.00132510810653718
14.301410447685942,0.0013260823388618393
14.310228833050525,0.0013270566801708219
14.319049521793163,0.0013280311614933173
14.327872513706549,0.00132900581434636
14.336697808583384,0.0013299806707364745
14.345525406216366,0.0013309557631626758
14.354355306398196,0.0013319311246177562
14.363187508921571,0.0013329067885904022
14.37202201357919,0.0013338827890680201
14.380858820163754,0.0013348591605372542
14.389697928467958,0.0013358359379879495
14.398539338284506,0.0013368131569133565
14.407383049406091,0.00133779085331345
14.416229061625417,0.0013387690636962562
14.425077374735178,0.001339747825079957
14.433927988528078,0.0013407271749945877
14.442780902796812,0.0013417071514851143
14.451636117334083,0.0013426877931115692
14.460493631932586,0.001343669138953389
14.469353446385018,0.00134465122860798
14.478215560484083,0.0013456341021962082
14.487079974022476,0.0013466178003621965
14.495946686792903,0.001347602364275315
14.504815698588052,0.0013485878356327382
14.51368700920063,0.0013495742566608318
14.522560618423332,0.0013505616701173853
14.53143652604886,0.001351550119292566
14.540314731869909,0.0013525396480117374
14.54919523567918,0.0013535303006364694
14.558078037269373,0.0013545221220669242
14.566963136433184,0.001355515157743418
14.575850532963315,0.0013565094536470998
14.584740226652464,0.001357505056303573
14.59363221729333,0.0013585020127829877
14.602526504678607,0.0013595003707024098
14.611423088601,0.0013605001782272777
14.620321968853206,0.0013615014840731722
14.629223145227925,0.0013625043375068637
14.638126617517852,0.0013635087883487656
14.647032385515692,0.0013645148869738217
14.655940449014135,0.0013655226843128985
14.66485080780589,0.0013665322318548582
14.67376346168365,0.0013675435816477854
14.682678410440115,0.001368556786300115
14.691595653867983,0.0013695718989825906
14.700515191759953,0.0013705889734288194
14.709437023908727,0.001371608063937698
14.718361150106997,0.0013726292253738702
14.727287570147473,0.001373652513169395
14.73621628382284,0.0013746779833248958
14.74514729092581,0.0013757056924107783
14.754080591249071,0.0013767356975689588
14.763016184585332,0.0013777680565126005
14.771954070727283,0.0013788028275287835
14.780894249467627,0.0013798400694790946
14.789836720599062,0.0013808798418003749
14.79878148391429,0.0013819222045059133
14.807728539206005,0.0013829672181865267
14.816677886266907,0.001384014944011516
14.825629524889699,0.0013850654437294091
14.834583454867072,0.0013861187796690804
14.843539675991734,0.0013871750147404288
14.852498188056378,0.0013882342124348507
14.861458990853706,0.0013892964368270489
14.870422084176411,0.0013903617525738456
14.879387467817203,0.0013914302249173715
14.888355141568766,0.001392501919683689
14.897325105223812,0.001393576903283926
14.906297358575033,0.0013946552427149712
14.91527190141513,0.0013957370055598796
14.924248733536801,0.0013968222599889664
14.933227854732745,0.0013979110747584888
14.942209264795665,0.0013990035192128487
14.95119296351825,0.0014000996632841203
14.96017895069321,0.0014011995774921035
14.969167226113237,0.001402303332944643
14.97815778957103,0.0014034110013379619
14.98715064085929,0.0014045226549565758
14.996145779770718,0.0014056383666741319
15.00514320609801,0.0014067582099517393
15.014142919633862,0.0014078822588393166
15.02314492017098,0.0014090105879749368
15.032149207502057,0.0014101432725848611
15.041155781419793,0.0014112803884831341
15.05016464171689,0.0014124220120713574
15.059175788186042,0.0014135682203383548
15.068189220619953,0.001414719090860099
15.077204938811317,0.0014158747017981564
15.086222942552837,0.0014170351319009481
15.095243231637207,0.0014182004605012009
15.10426580585713,0.001419370767516838
15.113290665005305,0.0014205461334497003
15.122317808874431,0.0014217266393845324
15.131347237257202,0.001422912366988478
15.140378949946324,0.0014241033985099602
15.14941294673449,0.0014252998167786134
15.158449227414401,0.0014265017052024784
15.167487791778758,0.0014277091477684144
15.176528639620257,0.0014289222290407553
15.185571770731597,0.0014301410341590092
15.194617184905479,0.0014313656488383517
15.203664881934596,0.0014325961593664
15.212714861611653,0.001433832652603017
15.221767123729352,0.001435075215978376
15.230821668080383,0.0014363239374912196
15.23987849445745,0.0014375789057076477
15.248937602653251,0.0014388402097592007
15.257998992460484,0.0014401079393406382
15.26706266367185,0.0014413821847086966
15.276128616080044,0.001442663036679969
15.28519684947777,0.0014439505866287099
15.294267363657724,0.0014452449264842969
15.303340158412604,0.0014465461487307915
15.31241523353511,0.0014478543464022432
15.32149258881794,0.0014491696130826798
15.330572224053794,0.001450492042901504
15.339654139035371,0.0014518217305332173
15.34873833355537,0.0014531587711928975
15.35782480740649,0.0014545032606352536
15.366913560381427,0.0014558552951502313
15.376004592272883,0.0014572149715617539
15.385097902873555,0.0014585823872235609
15.394193491976145,0.0014599576400175318
15.403291359373348,0.001461340828349529
15.412391504857867,0.001462732051146251
15.421493928222395,0.001464131407853501
15.430598629259636,0.0014655389984309436
15.439705607762285,0.0014669549233500122
15.448814863523044,0.001468379283590184
15.457926396334612,0.001469812180635473
15.467040205989687,0.001471253716469805
15.476156292280967,0.0014727039935752018
15.48527465500115,0.0014741631149266742
15.494395293942938,0.0014756311839880221
15.50351820889903,0.001477108304709382
15.512643399662121,0.0014785945815219959
15.521770866024912,0.0014800901193339853
15.530900607780103,0.0014815950235271518
15.54003262472039,0.0014831093999517102
15.549166916638475,0.0014846333549222198
15.558303483327053,0.0014861669952136104
15.567442324578826,0.0014877104280554144
15.576583440186495,0.0014892637611286467
15.585726829942754,0.001490827102560177
15.594872493640304,0.001492400560917749
15.604020431071845,0.0014939842452056811
15.613170642030074,0.0014955782648600892
15.62232312630769,0.0014971827297423973
15.631477883697393,0.0014987977501362173
15.640634913991882,0.0015004234367406789
15.649794216983853,0.0015020599006654565
15.65895579246601,0.0015037072534257148
15.668119640231048,0.0015053656069365746
15.677285760071664,0.0015070350735068947
15.686454151780561,0.0015087157658346044
15.695624815150438,0.0015104077970004351
15.704797749973991,0.0015121112804622552
15.713972956043921,0.0015138263300491495
15.723150433152927,0.0015155530599557023
15.732330181093706,0.0015172915847354604
15.741512199658958,0.0015190420192954597
15.750696488641383,0.0015208044788900595
15.759883047833677,0.001522579079113122
15.76907187702854,0.001524365935894335
15.778262976018674,0.0015261651654904407
15.787456344596773,0.0015279768844805273
15.796651982555538,0.0015298012097579238
15.805849889687668,0.0015316382585245667
15.815050065785861,0.0015334881482838426
15.82425251064282,0.0015353509968346563
15.833457224051239,0.0015372269222630219
15.842664205803818,0.0015391160429369766
15.851873455693257,0.0015410184774977767
15.861084973512252,0.0015429343448545366
15.870298759053508,0.0015448637641764945
15.879514812109717,0.0015468068548845513
15.888733132473583,0.001548763736646306
15.897953719937801,0.0015507345293675112
15.907176574295073,0.001552719353184329
15.916401695338093,0.001554718328456933
15.925629082859565,0.0015567315757613002
15.934858736652188,0.0015587592158820226
15.944090656508658,0.001560801369804627
15.953324842221676,0.0015628581587079358
15.962561293583938,0.001564929703956179
15.971800010388147,0.0015670161270916136
15.981040992427,0.0015691175498264139
15.990284239493189,0.0015712340940349876
15.999529751379425,0.0015733658817468534
16.008777527878397,0.001575513035136099
16.018027568782816,0.001577675676517022
16.027279873885366,0.0015798539283337302
16.036534442978752,0.0015820479131527306
16.045791275855677,0.0015842577536538793
16.055050372308838,0.0015864835726247136
16.06431173213093,0.0015887254929499402
16.073575355114652,0.0015909836376033631
16.08284124105271,0.00159325812964135
16.092109389737796,0.0015955490921931398
16.101379800962608,0.0015978566484533897
16.11065247451985,0.0016001809216725398
16.11992741020222,0.0016025220351497417
16.129204607802414,0.001604880112224585
16.138484067113133,0.001607255276267931
16.147765787927074,0.0016096476506734278
16.157049770036934,0.0016120573588505067
16.16633601323542,0.0016144845242133596
16.175624517315228,0.0016169292701760703
16.18491528206905,0.0016193917201409403
16.194208307289593,0.0016218719974915865
16.20350359276955,0.0016243702255839547
16.21280113830162,0.0016268865277389557
16.222100943678505,0.0016294210272321309
16.231403008692908,0.0016319738472866027
16.240707333137518,0.0016345451110644363
16.25001391680504,0.0016371349416574228
16.259322759488175,0.0016397434620796906
16.268633860979616,0.0016423707952590116
16.277947221072065,0.0016450170640266342
16.287262839558217,0.0016476823911120283
16.29658071623078,0.0016503668991314578
16.305900850882445,0.0016530707105820298
16.31522324330591,0.0016557939478312697
16.32454789329388,0.0016585367331102322
16.333874800639048,0.0016612991885045284
16.343203965134116,0.0016640814359462572
16.352535386571784,0.0016668835972055806
16.361869064744745,0.001669705793882351
16.37120499944571,0.0016725481473990082
16.380543190467364,0.001675410778989903
16.389883637602413,0.001678293809696007
16.399226340643555,0.0016811973603558057
16.40857129938349,0.001684121551595726
16.41791851361491,0.0016870665038247622
16.427267983130527,0.0016900323372247086
16.43661970772303,0.0016930191717422676
16.44597368718512,0.0016960271270821251
16.45532992130949,0.0016990563226988134
16.464688409888854,0.0017021068777878694
16.474049152715896,0.0017051789112799598
16.483412149583323,0.0017082725418319942
16.492777400283828,0.0017113878878196422
16.50214490461012,0.0017145250673304786
16.511514662354884,0.001717684198154519
16.520886673310827,0.0017208653977805678
16.53026093727065,0.0017240687833847044
16.539637454027048,0.0017272944718266302
16.549016223372725,0.0017305425796386245
16.55839724510037,0.0017338132230227024
16.56778051900269,0.001737106517839794
16.577166044872378,0.0017404225796059036
16.586553822502136,0.0017437615234822514
16.59594385168467,0.0017471234642706395
16.605336132212663,0.0017505085164058636
16.614730663878827,0.0017539167939485947
16.62412744647586,0.0017573484105809925
16.63352647979645,0.001760803479596154
16.642927763633306,0.0017642821138960914
16.652331297779128,0.001767784425982856
16.661737082026608,0.001771310527953035
16.67114511616845,0.0017748605314904214
16.680555399997353,0.0017784345478626703
16.689967933306008,0.001782032687912841
16.699382715887122,0.0017856550620543835
16.70879974753339,0.0017893017802659862
16.718219028037517,0.0017929729520847484
16.727640557192192,0.001796668686601398
16.737064334790123,0.0018003890924546476
16.746490360624005,0.0018041342778257977
16.755918634486534,0.001807904350434085
16.765349156170412,0.0018116994175303284
16.774781925468336,0.0018155195858922117
16.784216942173014,0.001819364961820582
16.793654206077132,0.0018232356511334697
16.803093716973393,0.0018271317591604258
16.8125354746545,0.0018310533907400933
16.821979478913146,0.0018350006502147113
16.831425729542037,0.0018389736414257988
16.840874226333863,0.0018429724677075689
16.85032496908133,0.0018469972318877598
16.859777957577133,0.0018510480362783084
16.869233191613976,0.00185512498267584
16.87869067098455,0.0018592281723530126
16.888150395481556,0.001863357706059736
16.8976123648977,0.001867513684016404
16.907076579025677,0.0018716962059109564
16.91654303765818,0.0018759053708961638
16.926011740587914,0.0018801412775854176
16.935482687607582,0.0018844040240496096
16.94495587850987,0.0018886937078164254
16.95443131308749,0.0018930104258633271
16.963908991133128,0.001897354274617597
16.973388912439493,0.0019017253499530747
16.98287107679928,0.0019061237471872617
16.992355484005195,0.0019105495610778208
17.001842133849927,0.0019150028858236458
17.01133102612617,0.0019194838150573736
17.02082216062664,0.001923992441847547
17.030315537144027,0.0019285288586956323
17.039811155471025,0.001933093157532258
17.049309015400343,0.001937685429717046
17.058809116724674,0.0019423057660365268
17.068311459236714,0.0019469542567030016
17.07781604272917,0.0019516309913520827
17.087322866994736,0.001956336059042296
17.096831931826106,0.0019610695482528986
17.106343237015988,0.001965831546883044
17.115856782357078,0.0019706221422514736
17.12537256764207,0.001975441421095047
17.13489059266367,0.001980289469566789
17.144410857214574,0.001985166373238183
17.15393336108748,0.0019900722170942188
17.163458104075083,0.001995007085537319
17.172985085970094,0.0019999710623837988
17.1825143065652,0.0020049642308647988
17.192045765653102,0.002009986673626987
17.2015794630265,0.0020150384727298247
17.2111153984781,0.0020201197096485967
17.22065357180059,0.002025230465272143
17.230193982786673,0.0020303708199049552
17.23973663122905,0.0020355408532661727
17.24928151692042,0.0020407406444897707
17.258828639653473,0.002045970272127173
17.26837799922092,0.0020512298141451765
17.277929595415454,0.0020565193479284306
17.287483428029777,0.0020618389502795233
17.29703949685658,0.0020671886974195372
17.30659780168857,0.00207256866499042
17.31615834231845,0.0020779789280547145
17.325721118538905,0.002083419561096813
17.335286130142638,0.0020888906380248434
17.34485337692236,0.0020943922321708694
17.354422858670752,0.002099924416294348
17.363994575180527,0.0021054872625818678
17.37356852624438,0.002111080842648456
17.383144711655,0.0021167052275409643
17.392723131205102,0.0021223604877383096
17.402303784687373,0.0021280466931540756
17.411886671894518,0.002133763913137555
17.421471792619236,0.0021395122164770933
17.43105914665422,0.0021452916714007897
17.440648733792177,0.002151102345579674
17.450240553825797,0.002156944306128705
17.459834606547783,0.002162817619610496
17.46943089175084,0.002168722352035485
17.479029409227653,0.0021746585688676907
17.488630158770935,0.002180626335023791
17.498233140173376,0.0021866257148769486
17.50783835322768,0.002192656772260514
17.517445797726538,0.0021987195704678665
17.52705547346266,0.0022048141722594487
17.536667380228735,0.002210940639861115
17.546281517817473,0.002217099034968979
17.55589788602156,0.002223289418752438
17.565516484633704,0.0022295118518572492
17.5751373134466,0.002235766394407791
17.584760372252948,0.002242053106009718
17.594385660845447,0.0022483720457546403
17.604013179016793,0.002254723272222436
17.613642926559685,0.0022611068434838805
17.62327490326683,0.0022675228171041627
17.632909108930917,0.0022739712501468703
17.642545543344653,0.002280452199176916
17.652184206300728,0.002286965720262948
17.661825097591848,0.002293511868982767
17.671468217010712,0.002300090700424816
17.68111356435001,0.002306702269192716
17.690761139402454,0.0023133466294090084
17.700410941960733,0.0023200238347171036
17.71006297181755,0.002326733938286441
17.719717228765603,0.002333476992816746
17.72937371259759,0.0023402530505391003
17.739032423106206,0.0023470621632218623
17.74869336008416,0.0023539043821731638
17.758356523324146,0.0023607797582456793
17.768021912618856,0.0023676883418394527
17.777689527761,0.0023746301829063636
17.787359368543274,0.002381605330953272
17.79703143475837,0.0023886138350463168
17.806705726198995,0.002395655743814668
17.816382242657845,0.002402731105454175
17.826060983927615,0.002409839967731853
17.83574194980101,0.002416982377989199
17.845425140070727,0.002424158383145444
17.85511055452946,0.0024313680297044504
17.864798192969918,0.0024386113637543975
17.87448805518479,0.0024458884309751378
17.884180140966777,0.0024531992766400213
17.89387445010858,0.0024605439456218832
17.903570982402897,0.002467922482395536
17.91326973764243,0.0024753349310411184
17.922970715619876,0.0024827813352505616
17.932673916127936,0.0024902617383299004
17.9423793389593,0.0024977761832031967
17.95208698390667,0.0025053247124172846
17.961796850762756,0.0025129073681446745
17.97150893932024,0.002520524192189473
17.981223249371837,0.002528175225989992
17.99093978071023,0.0025358605106224797
18.000658533128135,0.0025435800868064476
18.01037950641824,0.0025513339949078365
18.02010270037324,0.002559122274942564
18.02982811478584,0.0025669449665818396
18.039555749448745,0.002574802109155899
18.049285604154647,0.0025826937416566524
18.059017678696243,0.002590619902742955
18.06875197286623,0.0025985806307446202
18.078488486457317,0.002606575963666164
18.088227219262198,0.0026146059391899132
18.097968171073568,0.002622670594681552
18.107711341684126,0.0026307699671930976
18.117456730886577,0.002638904093466676
18.127204338473618,0.0026470730099394683
18.13695416423794,0.0026552767527464535
18.146706207972255,0.002663515357725026
18.156460469469252,0.0026717888604188564
18.166216948521633,0.0026800972960814256
18.175975644922094,0.002688440699679797
18.185736558463343,0.0026968191059000115
18.19549968893807,0.0027052325491484083
18.205265036138975,0.002713681063556892
18.21503259985876,0.002722164682987321
18.22480237989012,0.002730683441033679
18.23457437602576,0.0027392373710273844
18.244348588058372,0.0027478265060403074
18.25412501578066,0.002756450878887531
18.263903658985313,0.002765110522133648
18.273684517465043,0.002773805468093395
18.283467591012545,0.0027825357488382627
18.293252879420514,0.0027913013961974446
18.303040382481655,0.002800102441763169
18.31283009998866,0.0028089389168943694
18.322622031734227,0.0028178108527187706
18.332416177511064,0.0028267182801385606
18.342212537111863,0.002835661229831406
18.352011110329325,0.0028446397322566567
18.361811896956148,0.002853653817656546
18.371614896785033,0.0028627035160615545
18.381420109608673,0.002871788857292445
18.391227535219773,0.0028809098709635557
18.40103717341103,0.002890066586488265
18.410849023975146,0.0028992590330797975
18.420663086704813,0.002908487239755648
18.430479361392734,0.002917751235342044
18.440297847831605,0.002927051048474696
18.45011854581413,0.00293638670760483
18.459941455133006,0.0029457582409999354
18.46976657558093,0.002955165676748719
18.479593906950605,0.002964609042763843
18.489423449034717,0.0029740883667847347
18.49925520162598,0.0029836036763806026
18.509089164517093,0.0029931549989547774
18.51892533750074,0.0030027423617460945
18.528763720369636,0.003012365791832981
18.53860431291647,0.0030220253161364515
18.548447114933943,0.003031720961422796
18.55829212621476,0.0030414527543062898
18.568139346551607,0.0030512207212532974
18.577988775737197,0.003061024888583683
18.58784041356422,0.003070865282474607
18.597694259825378,0.0030807419289634605
18.607550314313368,0.0030906548539503514
18.61740857682089,0.0031006040832005184
18.627269047140643,0.0031105896423481287
18.637131725065323,0.00312061155689813
18.64699661038764,0.0031306698522299836
18.656863702900274,0.003140764553598724
18.66673300239594,0.003150895686139352
18.67660450866733,0.0031610632748680432
18.686478221507144,0.0031712673446862355
18.69635414070808,0.0031815079203816043
18.706232266062845,0.003191785026632393
18.716112597364127,0.003202098688007672
18.725995134404627,0.003212448928972219
18.735879876977044,0.003222835773887547
18.745766824874078,0.00323325924701435
18.75565597788843,0.0032437193725158636
18.765547335812798,0.0032542161744592304
18.77544089843988,0.0032647496768185096
18.785336665562372,0.003275319903476602
18.795234636972975,0.0032859268782280456
18.805134812464395,0.0032965706247803446
18.81503719182932,0.0033072511667577723
18.824941774860452,0.003317968527702076
18.834848561350498,0.003328722731075577
18.844757551092144,0.0033395138002624654
18.854668743878094,0.0033503417585725023
18.864582139501053,0.0033612066292416126
18.87449773775371,0.0033721084354342307
18.88441553842877,0.0033830472002465747
18.89433554131893,0.003394022946706539
18.90425774621689,0.00340503569777836
18.914182152915348,0.0034160854763621547
18.924108761207002,0.003427172305297138
18.934037570884552,0.003438296207363684
18.943968581740698,0.0034494572052847085
18.95390179356814,0.0034606553217274875
18.96383720615957,0.00347189057930608
18.973774819307692,0.0034831630005828845
18.983714632805206,0.003494472608070172
18.99365664644481,0.0035058194242327434
19.0036008600192,0.003517203471488105
19.013547273321077,0.003528624772209631
19.02349588614314,0.003540083348728232
19.033446698278087,0.0035515792233332135
19.043399709518617,0.003563112418274259
19.05335491965743,0.003574682955763541
19.06331232848723,0.003586290857976868
19.0732719358007,0.003597936147054859
19.083233741390558,0.0036096188451057035
19.093197745049487,0.0036213389742062218
19.1031639465702,0.003633096556402633
19.113132345745377,0.003644891613712562
19.12310294236774,0.003656724168127433
19.13307573622997,0.0036685942416124547
19.143050727124773,0.003680501856108533
19.15302791484485,0.0036924470335347316
19.163007299182894,0.003704429795787942
19.17298887993161,0.00371645016474558
19.18297265688369,0.003728508162266494
19.192958629831836,0.0037406038101921624
19.20294679856875,0.0037527371303477776
19.21293716288713,0.003764908144544611
19.222929722579668,0.0037771168745801323
19.23292447743907,0.0037893633422398446
19.242921427258036,0.0038016475692979903
19.25292057182926,0.0038139695775195864
19.262921910945444,0.003826329388661004
19.27292544439928,0.0038387270244711453
19.282931171983478,0.0038511625066928955
19.29293909349073,0.003863635857064064
19.302949208713734,0.003876147097318713
19.312961517445192,0.0038886962491877356
19.322976019477803,0.0039012833344007325
19.332992714604266,0.003913908374685865
19.343011602617278,0.003926571391772455
19.353032683309532,0.003939272407390946
19.363055956473744,0.003952011443274026
19.373081421902594,0.0039647885211576694
19.38310907938879,0.0039776036627826375
19.393138928725033,0.003990456889894475
19.40317096970402,0.004003348224245388
19.413205202118444,0.004016277687594282
19.423241625761012,0.004029245301708418
19.433280240424416,0.004042251088364237
19.443321045901364,0.004055295069347504
19.453364041984546,0.004068377266454852
19.463409228466666,0.004081497701494528
19.47345660514042,0.004094656396287067
19.483506171798506,0.004107853372665921
19.493557928233628,0.004121088652479028
19.503611874238477,0.004134362257588385
19.51366800960576,0.004147674209871791
19.52372633412817,0.004161024531223236
19.53378684759841,0.004174413243553976
19.54384954980917,0.004187840368792204
19.553914440553164,0.004201305928885374
19.56398151962308,0.004214809945799741
19.574050786811625,0.004228352441520481
19.584122241911484,0.004241933438054626
19.59419588471537,0.004255552957428926
19.604271715015976,0.0042692110216930815
19.614349732605998,0.004282907652918199
19.62442993727814,0.004296642873198818
19.6345123288251,0.00431041670465281
19.644596907039574,0.004324229169422094
19.654683671714267,0.004338080289673639
19.664772622641866,0.0043519700875992206
19.674863759615082,0.004365898585417279
19.68495708242661,0.004379865805371465
19.695052590869143,0.004393871769733266
19.70515028473539,0.004407916500801027
19.71525016381804,0.00442200002090125
19.725352227909802,0.00443612235238851
19.735456476803368,0.004450283517646939
19.74556291029144,0.004464483539089258
19.75567152816671,0.004478722439158251
19.76578233022189,0.004493000240327086
19.775895316249667,0.004507316965099693
19.78601048604274,0.004521672636010716
19.796127839393815,0.004536067275626849
19.806247376095587,0.004550500906546388
19.81636909594076,0.004564973551399718
19.826492998722024,0.004579485232850641
19.836619084232083,0.004594035973595439
19.846747352263638,0.004608625796364341
19.85687780260938,0.004623254723920888
19.867010435062017,0.0046379227790629704
19.87714524941424,0.004652629984623491
19.887282245458756,0.004667376363469578
19.89742142298826,0.004682161938503869
19.907562781795445,0.004696986732664195
19.91770632167302,0.004711850768924455
19.927852042413676,0.004726754070294259
19.93799994381012,0.004741696659820112
19.94815002565504,0.004756678560584698
19.958302287741144,0.0047716997957081685
19.968456729861128,0.004786760388347027
19.978613351807688,0.004801860361695876
19.988772153373528,0.004816999738987106
